{
"meta":{"test_sets":[],"test_metrics":[],"learn_metrics":[{"best_value":"Min","name":"Logloss"}],"launch_mode":"Train","parameters":"","iteration_count":1000,"learn_sets":["learn"],"name":"experiment"},
"iterations":[
{"learn":[0.6882062292],"iteration":0,"passed_time":0.002006256146,"remaining_time":2.00424989},
{"learn":[0.6833362583],"iteration":1,"passed_time":0.003787531039,"remaining_time":1.889977989},
{"learn":[0.6793650717],"iteration":2,"passed_time":0.005426855981,"remaining_time":1.803525138},
{"learn":[0.6749333224],"iteration":3,"passed_time":0.007039637535,"remaining_time":1.752869746},
{"learn":[0.6712289669],"iteration":4,"passed_time":0.008736843433,"remaining_time":1.738631843},
{"learn":[0.6678959175],"iteration":5,"passed_time":0.0104374267,"remaining_time":1.729133691},
{"learn":[0.6637325469],"iteration":6,"passed_time":0.01198664003,"remaining_time":1.700390507},
{"learn":[0.6603739098],"iteration":7,"passed_time":0.01356010573,"remaining_time":1.681453111},
{"learn":[0.6558283216],"iteration":8,"passed_time":0.01510327586,"remaining_time":1.663038487},
{"learn":[0.6520094449],"iteration":9,"passed_time":0.01663638803,"remaining_time":1.647002415},
{"learn":[0.6487704879],"iteration":10,"passed_time":0.01815616651,"remaining_time":1.632404425},
{"learn":[0.6448670056],"iteration":11,"passed_time":0.01974452359,"remaining_time":1.625632442},
{"learn":[0.6415089692],"iteration":12,"passed_time":0.02125457626,"remaining_time":1.613712828},
{"learn":[0.6382274286],"iteration":13,"passed_time":0.02286199611,"remaining_time":1.610137726},
{"learn":[0.6342552521],"iteration":14,"passed_time":0.02438063209,"remaining_time":1.600994841},
{"learn":[0.6307291369],"iteration":15,"passed_time":0.02590347727,"remaining_time":1.593063852},
{"learn":[0.6266539852],"iteration":16,"passed_time":0.02740830768,"remaining_time":1.584845085},
{"learn":[0.6233725394],"iteration":17,"passed_time":0.02884318535,"remaining_time":1.573556001},
{"learn":[0.6207360668],"iteration":18,"passed_time":0.03030292272,"remaining_time":1.564587747},
{"learn":[0.6176408958],"iteration":19,"passed_time":0.03210640525,"remaining_time":1.573213857},
{"learn":[0.6143497253],"iteration":20,"passed_time":0.03388668254,"remaining_time":1.579764867},
{"learn":[0.6107245462],"iteration":21,"passed_time":0.03559420095,"remaining_time":1.582324024},
{"learn":[0.6077403344],"iteration":22,"passed_time":0.03733077796,"remaining_time":1.585746525},
{"learn":[0.6049605288],"iteration":23,"passed_time":0.03896765155,"remaining_time":1.584684496},
{"learn":[0.6026173801],"iteration":24,"passed_time":0.04051929217,"remaining_time":1.580252395},
{"learn":[0.5990723896],"iteration":25,"passed_time":0.04257691219,"remaining_time":1.594996634},
{"learn":[0.5962097715],"iteration":26,"passed_time":0.04441540201,"remaining_time":1.600599487},
{"learn":[0.5931749316],"iteration":27,"passed_time":0.04601832948,"remaining_time":1.597493438},
{"learn":[0.5901908674],"iteration":28,"passed_time":0.04778637005,"remaining_time":1.600019494},
{"learn":[0.5869914084],"iteration":29,"passed_time":0.04930360755,"remaining_time":1.594149977},
{"learn":[0.5845300563],"iteration":30,"passed_time":0.05092524415,"remaining_time":1.591824567},
{"learn":[0.5814707449],"iteration":31,"passed_time":0.05241058744,"remaining_time":1.58542027},
{"learn":[0.5792064235],"iteration":32,"passed_time":0.05430358142,"remaining_time":1.591259492},
{"learn":[0.5760067359],"iteration":33,"passed_time":0.05604800041,"remaining_time":1.5924226},
{"learn":[0.5738701003],"iteration":34,"passed_time":0.0576225605,"remaining_time":1.588736311},
{"learn":[0.5708922327],"iteration":35,"passed_time":0.05923009603,"remaining_time":1.586050349},
{"learn":[0.5689582035],"iteration":36,"passed_time":0.06098501251,"remaining_time":1.587258569},
{"learn":[0.5665376664],"iteration":37,"passed_time":0.06259876075,"remaining_time":1.584737049},
{"learn":[0.5647805226],"iteration":38,"passed_time":0.06407253392,"remaining_time":1.578812951},
{"learn":[0.5626682945],"iteration":39,"passed_time":0.06586539869,"remaining_time":1.580769569},
{"learn":[0.5606520545],"iteration":40,"passed_time":0.0674751041,"remaining_time":1.578259142},
{"learn":[0.558037068],"iteration":41,"passed_time":0.06905020824,"remaining_time":1.575002369},
{"learn":[0.5553995429],"iteration":42,"passed_time":0.07064881399,"remaining_time":1.57234686},
{"learn":[0.5530684736],"iteration":43,"passed_time":0.07244963184,"remaining_time":1.57413291},
{"learn":[0.550565487],"iteration":44,"passed_time":0.07499330345,"remaining_time":1.591524551},
{"learn":[0.5480386359],"iteration":45,"passed_time":0.07684801125,"remaining_time":1.593760929},
{"learn":[0.546161207],"iteration":46,"passed_time":0.07844187149,"remaining_time":1.590534118},
{"learn":[0.5445958059],"iteration":47,"passed_time":0.08029899085,"remaining_time":1.592596652},
{"learn":[0.5424940653],"iteration":48,"passed_time":0.0818095638,"remaining_time":1.587773371},
{"learn":[0.5401664543],"iteration":49,"passed_time":0.08338119092,"remaining_time":1.584242628},
{"learn":[0.5380989821],"iteration":50,"passed_time":0.08515655749,"remaining_time":1.584579864},
{"learn":[0.5364114867],"iteration":51,"passed_time":0.08678494827,"remaining_time":1.582156365},
{"learn":[0.5346947671],"iteration":52,"passed_time":0.08818230486,"remaining_time":1.575634768},
{"learn":[0.5329398213],"iteration":53,"passed_time":0.08967993498,"remaining_time":1.571059602},
{"learn":[0.53042303],"iteration":54,"passed_time":0.09137345397,"remaining_time":1.569962073},
{"learn":[0.5286150317],"iteration":55,"passed_time":0.09311895017,"remaining_time":1.569719446},
{"learn":[0.5270542401],"iteration":56,"passed_time":0.09468358087,"remaining_time":1.566431873},
{"learn":[0.5249790001],"iteration":57,"passed_time":0.09617131223,"remaining_time":1.561954761},
{"learn":[0.5231154552],"iteration":58,"passed_time":0.09782647347,"remaining_time":1.560249348},
{"learn":[0.5214072874],"iteration":59,"passed_time":0.09937769861,"remaining_time":1.556917278},
{"learn":[0.5198881664],"iteration":60,"passed_time":0.1018684172,"remaining_time":1.568105635},
{"learn":[0.5181861383],"iteration":61,"passed_time":0.1039021178,"remaining_time":1.571938492},
{"learn":[0.5166060204],"iteration":62,"passed_time":0.1057380366,"remaining_time":1.572643497},
{"learn":[0.5144884155],"iteration":63,"passed_time":0.1072656072,"remaining_time":1.568759506},
{"learn":[0.512807517],"iteration":64,"passed_time":0.1087812366,"remaining_time":1.56477625},
{"learn":[0.5112984204],"iteration":65,"passed_time":0.1102919854,"remaining_time":1.560798703},
{"learn":[0.5097458252],"iteration":66,"passed_time":0.1117981894,"remaining_time":1.556831503},
{"learn":[0.5079159548],"iteration":67,"passed_time":0.1136693732,"remaining_time":1.557939056},
{"learn":[0.5064650761],"iteration":68,"passed_time":0.1157761889,"remaining_time":1.562139592},
{"learn":[0.5048806761],"iteration":69,"passed_time":0.117834574,"remaining_time":1.565516483},
{"learn":[0.5037279793],"iteration":70,"passed_time":0.1196449596,"remaining_time":1.565495317},
{"learn":[0.5018204449],"iteration":71,"passed_time":0.1215075541,"remaining_time":1.566097364},
{"learn":[0.5001337833],"iteration":72,"passed_time":0.1231739427,"remaining_time":1.564140341},
{"learn":[0.4988734986],"iteration":73,"passed_time":0.1247698875,"remaining_time":1.561309673},
{"learn":[0.4972038387],"iteration":74,"passed_time":0.1264181846,"remaining_time":1.55915761},
{"learn":[0.4963477055],"iteration":75,"passed_time":0.1282398617,"remaining_time":1.559126739},
{"learn":[0.4950823215],"iteration":76,"passed_time":0.1299594659,"remaining_time":1.557825806},
{"learn":[0.4939614552],"iteration":77,"passed_time":0.1315036883,"remaining_time":1.554441034},
{"learn":[0.4922482561],"iteration":78,"passed_time":0.1331504996,"remaining_time":1.552298863},
{"learn":[0.4909538525],"iteration":79,"passed_time":0.1350400507,"remaining_time":1.552960583},
{"learn":[0.4897952606],"iteration":80,"passed_time":0.1365375055,"remaining_time":1.549110711},
{"learn":[0.4883191364],"iteration":81,"passed_time":0.1380497676,"remaining_time":1.545483984},
{"learn":[0.4868269001],"iteration":82,"passed_time":0.1395345396,"remaining_time":1.541604492},
{"learn":[0.4856814152],"iteration":83,"passed_time":0.1416582414,"remaining_time":1.544749394},
{"learn":[0.4846131469],"iteration":84,"passed_time":0.1431881969,"remaining_time":1.541378826},
{"learn":[0.4835217572],"iteration":85,"passed_time":0.1450600742,"remaining_time":1.541684975},
{"learn":[0.4819485822],"iteration":86,"passed_time":0.1467662752,"remaining_time":1.540202405},
{"learn":[0.4804464429],"iteration":87,"passed_time":0.1482527009,"remaining_time":1.536437082},
{"learn":[0.4791505745],"iteration":88,"passed_time":0.1497181352,"remaining_time":1.532508104},
{"learn":[0.4776950255],"iteration":89,"passed_time":0.1511742393,"remaining_time":1.52853953},
{"learn":[0.4765374238],"iteration":90,"passed_time":0.1527097721,"remaining_time":1.525419592},
{"learn":[0.4754083858],"iteration":91,"passed_time":0.154404809,"remaining_time":1.523908333},
{"learn":[0.4746260718],"iteration":92,"passed_time":0.1559063577,"remaining_time":1.520506091},
{"learn":[0.4735952208],"iteration":93,"passed_time":0.1574907773,"remaining_time":1.517943024},
{"learn":[0.4720488646],"iteration":94,"passed_time":0.1593892427,"remaining_time":1.518392259},
{"learn":[0.4714043041],"iteration":95,"passed_time":0.1608806621,"remaining_time":1.514959568},
{"learn":[0.4702238406],"iteration":96,"passed_time":0.1624749232,"remaining_time":1.512524285},
{"learn":[0.4693229731],"iteration":97,"passed_time":0.1641495979,"remaining_time":1.510846299},
{"learn":[0.4683959867],"iteration":98,"passed_time":0.16619313,"remaining_time":1.512525355},
{"learn":[0.4672431996],"iteration":99,"passed_time":0.1676850522,"remaining_time":1.50916547},
{"learn":[0.4663040836],"iteration":100,"passed_time":0.1691741291,"remaining_time":1.505817248},
{"learn":[0.4651251727],"iteration":101,"passed_time":0.1707059192,"remaining_time":1.502881524},
{"learn":[0.4642335867],"iteration":102,"passed_time":0.1722123136,"remaining_time":1.499751896},
{"learn":[0.4632577034],"iteration":103,"passed_time":0.1737712247,"remaining_time":1.497105936},
{"learn":[0.4626932435],"iteration":104,"passed_time":0.1752076563,"remaining_time":1.49343669},
{"learn":[0.4614032213],"iteration":105,"passed_time":0.1770086801,"remaining_time":1.492884528},
{"learn":[0.4604443115],"iteration":106,"passed_time":0.1789863083,"remaining_time":1.493782928},
{"learn":[0.4595937546],"iteration":107,"passed_time":0.1805089356,"remaining_time":1.490870097},
{"learn":[0.4583883634],"iteration":108,"passed_time":0.1824424403,"remaining_time":1.491341415},
{"learn":[0.4571914825],"iteration":109,"passed_time":0.1841297646,"remaining_time":1.489777186},
{"learn":[0.4564264525],"iteration":110,"passed_time":0.185750147,"remaining_time":1.487674601},
{"learn":[0.4552429667],"iteration":111,"passed_time":0.1875936369,"remaining_time":1.48734955},
{"learn":[0.4545395854],"iteration":112,"passed_time":0.1891368065,"remaining_time":1.484640242},
{"learn":[0.4537605121],"iteration":113,"passed_time":0.1910945859,"remaining_time":1.485173712},
{"learn":[0.4528874961],"iteration":114,"passed_time":0.1926547772,"remaining_time":1.482604155},
{"learn":[0.4517638728],"iteration":115,"passed_time":0.194242862,"remaining_time":1.480264569},
{"learn":[0.4508566992],"iteration":116,"passed_time":0.1957648899,"remaining_time":1.477439298},
{"learn":[0.4499522797],"iteration":117,"passed_time":0.1972839514,"remaining_time":1.474613942},
{"learn":[0.4488044782],"iteration":118,"passed_time":0.1987571734,"remaining_time":1.471471174},
{"learn":[0.4481141026],"iteration":119,"passed_time":0.2003003329,"remaining_time":1.468869108},
{"learn":[0.4470092667],"iteration":120,"passed_time":0.2017323544,"remaining_time":1.465477186},
{"learn":[0.4461147469],"iteration":121,"passed_time":0.2038830404,"remaining_time":1.467289422},
{"learn":[0.4454484226],"iteration":122,"passed_time":0.2054704718,"remaining_time":1.465021169},
{"learn":[0.4448555073],"iteration":123,"passed_time":0.2069118038,"remaining_time":1.461731775},
{"learn":[0.4440598539],"iteration":124,"passed_time":0.2083694466,"remaining_time":1.458586126},
{"learn":[0.4429717036],"iteration":125,"passed_time":0.2098359133,"remaining_time":1.455528478},
{"learn":[0.4422752662],"iteration":126,"passed_time":0.2126094193,"remaining_time":1.461480496},
{"learn":[0.4412618721],"iteration":127,"passed_time":0.2145774654,"remaining_time":1.461808983},
{"learn":[0.4404252163],"iteration":128,"passed_time":0.2164902094,"remaining_time":1.461728468},
{"learn":[0.4393434066],"iteration":129,"passed_time":0.2182300991,"remaining_time":1.460462971},
{"learn":[0.4383921252],"iteration":130,"passed_time":0.2197130978,"remaining_time":1.457486122},
{"learn":[0.4372939596],"iteration":131,"passed_time":0.2211508873,"remaining_time":1.454234622},
{"learn":[0.436612394],"iteration":132,"passed_time":0.2227009619,"remaining_time":1.451742361},
{"learn":[0.4358484096],"iteration":133,"passed_time":0.2244397681,"remaining_time":1.450483874},
{"learn":[0.4350766966],"iteration":134,"passed_time":0.2261166224,"remaining_time":1.448821321},
{"learn":[0.4344713684],"iteration":135,"passed_time":0.2278052441,"remaining_time":1.447233316},
{"learn":[0.4336278938],"iteration":136,"passed_time":0.2295906738,"remaining_time":1.44625366},
{"learn":[0.4326746662],"iteration":137,"passed_time":0.2310574866,"remaining_time":1.443272127},
{"learn":[0.4318732631],"iteration":138,"passed_time":0.2327012905,"remaining_time":1.441408713},
{"learn":[0.4312704941],"iteration":139,"passed_time":0.2342868076,"remaining_time":1.43919039},
{"learn":[0.4302484093],"iteration":140,"passed_time":0.2359209264,"remaining_time":1.437277133},
{"learn":[0.4293141419],"iteration":141,"passed_time":0.2374912097,"remaining_time":1.434982098},
{"learn":[0.4284264528],"iteration":142,"passed_time":0.2391033198,"remaining_time":1.432947867},
{"learn":[0.4273967997],"iteration":143,"passed_time":0.2410929493,"remaining_time":1.433163643},
{"learn":[0.4266564458],"iteration":144,"passed_time":0.2425609447,"remaining_time":1.430273157},
{"learn":[0.4258886356],"iteration":145,"passed_time":0.2439964893,"remaining_time":1.427212341},
{"learn":[0.4252254543],"iteration":146,"passed_time":0.2454615182,"remaining_time":1.424344728},
{"learn":[0.4242916979],"iteration":147,"passed_time":0.2470883505,"remaining_time":1.422427531},
{"learn":[0.4235437087],"iteration":148,"passed_time":0.2488275481,"remaining_time":1.421155996},
{"learn":[0.422886323],"iteration":149,"passed_time":0.250393973,"remaining_time":1.41889918},
{"learn":[0.4221275689],"iteration":150,"passed_time":0.2522833831,"remaining_time":1.418467498},
{"learn":[0.421292732],"iteration":151,"passed_time":0.2541896644,"remaining_time":1.418110759},
{"learn":[0.4209758463],"iteration":152,"passed_time":0.2557491897,"remaining_time":1.415814141},
{"learn":[0.420179482],"iteration":153,"passed_time":0.2572519163,"remaining_time":1.413215073},
{"learn":[0.4195460338],"iteration":154,"passed_time":0.2587545225,"remaining_time":1.410629493},
{"learn":[0.4185352322],"iteration":155,"passed_time":0.2602093892,"remaining_time":1.407799516},
{"learn":[0.4178249385],"iteration":156,"passed_time":0.2618594321,"remaining_time":1.40603504},
{"learn":[0.4171001332],"iteration":157,"passed_time":0.2634534375,"remaining_time":1.403973382},
{"learn":[0.4164648432],"iteration":158,"passed_time":0.2650260468,"remaining_time":1.401804436},
{"learn":[0.4159165337],"iteration":159,"passed_time":0.2667945034,"remaining_time":1.400671143},
{"learn":[0.4154317984],"iteration":160,"passed_time":0.2683552513,"remaining_time":1.398447552},
{"learn":[0.4148605713],"iteration":161,"passed_time":0.2698609391,"remaining_time":1.395947327},
{"learn":[0.4139083149],"iteration":162,"passed_time":0.2714732241,"remaining_time":1.394006678},
{"learn":[0.4132849053],"iteration":163,"passed_time":0.2728964818,"remaining_time":1.391106456},
{"learn":[0.4125261622],"iteration":164,"passed_time":0.2743041555,"remaining_time":1.388145272},
{"learn":[0.4121342918],"iteration":165,"passed_time":0.2757640232,"remaining_time":1.385465032},
{"learn":[0.4114494496],"iteration":166,"passed_time":0.2773442136,"remaining_time":1.38339958},
{"learn":[0.410629899],"iteration":167,"passed_time":0.2800640524,"remaining_time":1.386983879},
{"learn":[0.4100604547],"iteration":168,"passed_time":0.2826890742,"remaining_time":1.390027341},
{"learn":[0.4094619118],"iteration":169,"passed_time":0.2844935544,"remaining_time":1.388997942},
{"learn":[0.4089125368],"iteration":170,"passed_time":0.2861759751,"remaining_time":1.387367739},
{"learn":[0.4084171727],"iteration":171,"passed_time":0.2877903754,"remaining_time":1.385409481},
{"learn":[0.407978091],"iteration":172,"passed_time":0.2898085979,"remaining_time":1.38538561},
{"learn":[0.4073763691],"iteration":173,"passed_time":0.2919706935,"remaining_time":1.386021798},
{"learn":[0.4067740496],"iteration":174,"passed_time":0.2933961159,"remaining_time":1.383153118},
{"learn":[0.4060688194],"iteration":175,"passed_time":0.2950290186,"remaining_time":1.381272223},
{"learn":[0.4056617537],"iteration":176,"passed_time":0.2965405591,"remaining_time":1.378829831},
{"learn":[0.4052650001],"iteration":177,"passed_time":0.2980581883,"remaining_time":1.376426016},
{"learn":[0.4045466518],"iteration":178,"passed_time":0.2996248543,"remaining_time":1.374257013},
{"learn":[0.4040180379],"iteration":179,"passed_time":0.3011012976,"remaining_time":1.371683689},
{"learn":[0.4032927893],"iteration":180,"passed_time":0.3030518793,"remaining_time":1.371267896},
{"learn":[0.4025447218],"iteration":181,"passed_time":0.3048154753,"remaining_time":1.369994828},
{"learn":[0.4020299524],"iteration":182,"passed_time":0.3064402015,"remaining_time":1.368096419},
{"learn":[0.401321751],"iteration":183,"passed_time":0.3080041364,"remaining_time":1.365931387},
{"learn":[0.4008155425],"iteration":184,"passed_time":0.3095098141,"remaining_time":1.363516208},
{"learn":[0.4002039324],"iteration":185,"passed_time":0.3109899761,"remaining_time":1.360999143},
{"learn":[0.3995937654],"iteration":186,"passed_time":0.3124276899,"remaining_time":1.35830862},
{"learn":[0.3990397813],"iteration":187,"passed_time":0.3138595364,"remaining_time":1.355606083},
{"learn":[0.398566788],"iteration":188,"passed_time":0.3154763267,"remaining_time":1.353710587},
{"learn":[0.3982542328],"iteration":189,"passed_time":0.3170467157,"remaining_time":1.351620209},
{"learn":[0.3976088723],"iteration":190,"passed_time":0.3185466108,"remaining_time":1.349236692},
{"learn":[0.3972063043],"iteration":191,"passed_time":0.320072057,"remaining_time":1.346969907},
{"learn":[0.3968419801],"iteration":192,"passed_time":0.3216351982,"remaining_time":1.344868419},
{"learn":[0.3962193003],"iteration":193,"passed_time":0.3231356992,"remaining_time":1.342512235},
{"learn":[0.3956567577],"iteration":194,"passed_time":0.32459949,"remaining_time":1.340013279},
{"learn":[0.3953046906],"iteration":195,"passed_time":0.3262180785,"remaining_time":1.338159873},
{"learn":[0.394612751],"iteration":196,"passed_time":0.3277980235,"remaining_time":1.336151334},
{"learn":[0.3940000265],"iteration":197,"passed_time":0.3294283433,"remaining_time":1.334351168},
{"learn":[0.3934638396],"iteration":198,"passed_time":0.3310463208,"remaining_time":1.33250303},
{"learn":[0.3929426674],"iteration":199,"passed_time":0.3329706426,"remaining_time":1.33188257},
{"learn":[0.3925437197],"iteration":200,"passed_time":0.3345220453,"remaining_time":1.329766737},
{"learn":[0.3921451017],"iteration":201,"passed_time":0.3360541862,"remaining_time":1.327580399},
{"learn":[0.391592434],"iteration":202,"passed_time":0.3377266735,"remaining_time":1.325951521},
{"learn":[0.3910873025],"iteration":203,"passed_time":0.339618302,"remaining_time":1.325177296},
{"learn":[0.3908164567],"iteration":204,"passed_time":0.3412338696,"remaining_time":1.323321592},
{"learn":[0.3900091255],"iteration":205,"passed_time":0.3434918986,"remaining_time":1.323944503},
{"learn":[0.3896564075],"iteration":206,"passed_time":0.3452933903,"remaining_time":1.322790621},
{"learn":[0.3891769405],"iteration":207,"passed_time":0.3471276159,"remaining_time":1.321755153},
{"learn":[0.3883885964],"iteration":208,"passed_time":0.3487453162,"remaining_time":1.31989256},
{"learn":[0.3879825145],"iteration":209,"passed_time":0.3503552722,"remaining_time":1.318003167},
{"learn":[0.3872861188],"iteration":210,"passed_time":0.3522362067,"remaining_time":1.317129702},
{"learn":[0.3868006535],"iteration":211,"passed_time":0.353925125,"remaining_time":1.315533012},
{"learn":[0.3863996688],"iteration":212,"passed_time":0.3556726013,"remaining_time":1.314151818},
{"learn":[0.3859866952],"iteration":213,"passed_time":0.3576452741,"remaining_time":1.313594324},
{"learn":[0.3856921408],"iteration":214,"passed_time":0.3593895528,"remaining_time":1.312189762},
{"learn":[0.3850217799],"iteration":215,"passed_time":0.3613478287,"remaining_time":1.311558786},
{"learn":[0.3845675415],"iteration":216,"passed_time":0.3629413582,"remaining_time":1.309599463},
{"learn":[0.3839154056],"iteration":217,"passed_time":0.3651876319,"remaining_time":1.309984991},
{"learn":[0.3835374163],"iteration":218,"passed_time":0.366891553,"remaining_time":1.308412342},
{"learn":[0.3830437503],"iteration":219,"passed_time":0.3684560337,"remaining_time":1.306344119},
{"learn":[0.3824606469],"iteration":220,"passed_time":0.3700926501,"remaining_time":1.304534726},
{"learn":[0.3817686906],"iteration":221,"passed_time":0.37197028,"remaining_time":1.303571522},
{"learn":[0.3813743128],"iteration":222,"passed_time":0.3736616177,"remaining_time":1.301951018},
{"learn":[0.3809645087],"iteration":223,"passed_time":0.3751987412,"remaining_time":1.299795639},
{"learn":[0.380467241],"iteration":224,"passed_time":0.3769016252,"remaining_time":1.298216709},
{"learn":[0.3799106635],"iteration":225,"passed_time":0.3784192633,"remaining_time":1.296002256},
{"learn":[0.3795429117],"iteration":226,"passed_time":0.3799989377,"remaining_time":1.294005193},
{"learn":[0.3793064917],"iteration":227,"passed_time":0.3817386263,"remaining_time":1.292553594},
{"learn":[0.3788619747],"iteration":228,"passed_time":0.3832854639,"remaining_time":1.290450186},
{"learn":[0.3781001171],"iteration":229,"passed_time":0.3848359546,"remaining_time":1.288363848},
{"learn":[0.377806997],"iteration":230,"passed_time":0.3872273311,"remaining_time":1.289081461},
{"learn":[0.3773234041],"iteration":231,"passed_time":0.389206488,"remaining_time":1.288407685},
{"learn":[0.3767630562],"iteration":232,"passed_time":0.3907818525,"remaining_time":1.28639348},
{"learn":[0.3762727637],"iteration":233,"passed_time":0.3924242341,"remaining_time":1.284602407},
{"learn":[0.3758412161],"iteration":234,"passed_time":0.3939411663,"remaining_time":1.282404222},
{"learn":[0.3756331084],"iteration":235,"passed_time":0.3954506252,"remaining_time":1.280187617},
{"learn":[0.3751623831],"iteration":236,"passed_time":0.3968899379,"remaining_time":1.27775115},
{"learn":[0.3747568231],"iteration":237,"passed_time":0.3986109409,"remaining_time":1.276224945},
{"learn":[0.3743568259],"iteration":238,"passed_time":0.4001133864,"remaining_time":1.274001201},
{"learn":[0.3741120942],"iteration":239,"passed_time":0.4015095997,"remaining_time":1.271447066},
{"learn":[0.3736347134],"iteration":240,"passed_time":0.4031098387,"remaining_time":1.269545094},
{"learn":[0.3732674308],"iteration":241,"passed_time":0.4047478058,"remaining_time":1.267763788},
{"learn":[0.3730433114],"iteration":242,"passed_time":0.4062134109,"remaining_time":1.265446716},
{"learn":[0.3727060277],"iteration":243,"passed_time":0.4076931118,"remaining_time":1.263180297},
{"learn":[0.3722746393],"iteration":244,"passed_time":0.409408953,"remaining_time":1.261647998},
{"learn":[0.3718871589],"iteration":245,"passed_time":0.4113611007,"remaining_time":1.260838496},
{"learn":[0.3712184708],"iteration":246,"passed_time":0.4131747214,"remaining_time":1.25959743},
{"learn":[0.370886741],"iteration":247,"passed_time":0.4149197162,"remaining_time":1.258143656},
{"learn":[0.370531902],"iteration":248,"passed_time":0.416472842,"remaining_time":1.256108853},
{"learn":[0.3701765062],"iteration":249,"passed_time":0.417961888,"remaining_time":1.253885664},
{"learn":[0.3698888047],"iteration":250,"passed_time":0.4194719052,"remaining_time":1.251730904},
{"learn":[0.3695933456],"iteration":251,"passed_time":0.4209818264,"remaining_time":1.249580977},
{"learn":[0.369335221],"iteration":252,"passed_time":0.4229586586,"remaining_time":1.248814696},
{"learn":[0.3689178941],"iteration":253,"passed_time":0.4245076454,"remaining_time":1.246782297},
{"learn":[0.3685172723],"iteration":254,"passed_time":0.4263855204,"remaining_time":1.24571456},
{"learn":[0.368060381],"iteration":255,"passed_time":0.4280387302,"remaining_time":1.24398756},
{"learn":[0.3675430525],"iteration":256,"passed_time":0.4296944008,"remaining_time":1.242268248},
{"learn":[0.3670061589],"iteration":257,"passed_time":0.4313176753,"remaining_time":1.24045626},
{"learn":[0.3665754054],"iteration":258,"passed_time":0.4336615283,"remaining_time":1.240707307},
{"learn":[0.3663672918],"iteration":259,"passed_time":0.4354618193,"remaining_time":1.239391332},
{"learn":[0.3659470739],"iteration":260,"passed_time":0.4371291099,"remaining_time":1.237695066},
{"learn":[0.3656853729],"iteration":261,"passed_time":0.4390298757,"remaining_time":1.236656673},
{"learn":[0.3652436163],"iteration":262,"passed_time":0.4410673446,"remaining_time":1.235994802},
{"learn":[0.364939196],"iteration":263,"passed_time":0.4441763036,"remaining_time":1.238309695},
{"learn":[0.3647224658],"iteration":264,"passed_time":0.446746876,"remaining_time":1.239090392},
{"learn":[0.3642936745],"iteration":265,"passed_time":0.4485228344,"remaining_time":1.237653235},
{"learn":[0.3639400387],"iteration":266,"passed_time":0.4500162353,"remaining_time":1.235437829},
{"learn":[0.3634655587],"iteration":267,"passed_time":0.4516274228,"remaining_time":1.233549528},
{"learn":[0.3630725965],"iteration":268,"passed_time":0.4531263958,"remaining_time":1.231358347},
{"learn":[0.3625445132],"iteration":269,"passed_time":0.4546310112,"remaining_time":1.229187549},
{"learn":[0.3621291587],"iteration":270,"passed_time":0.4563051238,"remaining_time":1.227477621},
{"learn":[0.3617104845],"iteration":271,"passed_time":0.4579037674,"remaining_time":1.225565966},
{"learn":[0.3612011454],"iteration":272,"passed_time":0.4596707863,"remaining_time":1.224104988},
{"learn":[0.360968385],"iteration":273,"passed_time":0.4611899935,"remaining_time":1.221985165},
{"learn":[0.3607384759],"iteration":274,"passed_time":0.462716657,"remaining_time":1.219889369},
{"learn":[0.3604365207],"iteration":275,"passed_time":0.4648874851,"remaining_time":1.219487461},
{"learn":[0.3600175193],"iteration":276,"passed_time":0.4663960471,"remaining_time":1.217344195},
{"learn":[0.359647113],"iteration":277,"passed_time":0.467968681,"remaining_time":1.215371898},
{"learn":[0.3591505892],"iteration":278,"passed_time":0.4694706199,"remaining_time":1.213219774},
{"learn":[0.3588415614],"iteration":279,"passed_time":0.4709143924,"remaining_time":1.210922723},
{"learn":[0.3583300406],"iteration":280,"passed_time":0.4726736739,"remaining_time":1.209439045},
{"learn":[0.358143866],"iteration":281,"passed_time":0.474173158,"remaining_time":1.207291941},
{"learn":[0.3579045134],"iteration":282,"passed_time":0.4758369616,"remaining_time":1.20556573},
{"learn":[0.3574779156],"iteration":283,"passed_time":0.4777284242,"remaining_time":1.204413915},
{"learn":[0.3567273449],"iteration":284,"passed_time":0.4794012844,"remaining_time":1.202708485},
{"learn":[0.3562706617],"iteration":285,"passed_time":0.4808201726,"remaining_time":1.200369242},
{"learn":[0.3559343785],"iteration":286,"passed_time":0.4827793015,"remaining_time":1.199378544},
{"learn":[0.3554900157],"iteration":287,"passed_time":0.4845361476,"remaining_time":1.197881032},
{"learn":[0.3550346708],"iteration":288,"passed_time":0.4864596571,"remaining_time":1.196791752},
{"learn":[0.3548543392],"iteration":289,"passed_time":0.4880751795,"remaining_time":1.194942681},
{"learn":[0.3545091596],"iteration":290,"passed_time":0.4897581248,"remaining_time":1.193259486},
{"learn":[0.3541637315],"iteration":291,"passed_time":0.4912027939,"remaining_time":1.190998555},
{"learn":[0.3538770714],"iteration":292,"passed_time":0.4927186086,"remaining_time":1.188914868},
{"learn":[0.3534702208],"iteration":293,"passed_time":0.4952043468,"remaining_time":1.18916418},
{"learn":[0.3532170294],"iteration":294,"passed_time":0.4968472742,"remaining_time":1.187380774},
{"learn":[0.3529302289],"iteration":295,"passed_time":0.4985108166,"remaining_time":1.185647348},
{"learn":[0.3526732511],"iteration":296,"passed_time":0.5003590969,"remaining_time":1.184351667},
{"learn":[0.3520415744],"iteration":297,"passed_time":0.5028431134,"remaining_time":1.184549885},
{"learn":[0.3518935493],"iteration":298,"passed_time":0.504629013,"remaining_time":1.183093438},
{"learn":[0.3515187112],"iteration":299,"passed_time":0.5062821928,"remaining_time":1.181325116},
{"learn":[0.3511934591],"iteration":300,"passed_time":0.5078428705,"remaining_time":1.179342746},
{"learn":[0.3509653638],"iteration":301,"passed_time":0.5093645477,"remaining_time":1.177273028},
{"learn":[0.350751579],"iteration":302,"passed_time":0.5108582347,"remaining_time":1.17514254},
{"learn":[0.3504455472],"iteration":303,"passed_time":0.5123373444,"remaining_time":1.172982867},
{"learn":[0.3502394918],"iteration":304,"passed_time":0.5149662441,"remaining_time":1.173447671},
{"learn":[0.349919233],"iteration":305,"passed_time":0.5166820907,"remaining_time":1.171821474},
{"learn":[0.3496424123],"iteration":306,"passed_time":0.5186280148,"remaining_time":1.170714053},
{"learn":[0.3493280742],"iteration":307,"passed_time":0.5202565207,"remaining_time":1.168888027},
{"learn":[0.3490211688],"iteration":308,"passed_time":0.5222087889,"remaining_time":1.167787292},
{"learn":[0.3488512731],"iteration":309,"passed_time":0.5236536137,"remaining_time":1.165551592},
{"learn":[0.3486867208],"iteration":310,"passed_time":0.5251709014,"remaining_time":1.163481515},
{"learn":[0.3482211014],"iteration":311,"passed_time":0.5267586437,"remaining_time":1.161570342},
{"learn":[0.3478551516],"iteration":312,"passed_time":0.5283185944,"remaining_time":1.159600238},
{"learn":[0.347523977],"iteration":313,"passed_time":0.5298800889,"remaining_time":1.157636118},
{"learn":[0.3468586172],"iteration":314,"passed_time":0.5313770876,"remaining_time":1.155534302},
{"learn":[0.3466516986],"iteration":315,"passed_time":0.5329163987,"remaining_time":1.153527901},
{"learn":[0.3464378876],"iteration":316,"passed_time":0.5343284019,"remaining_time":1.151250153},
{"learn":[0.3460318488],"iteration":317,"passed_time":0.5357453057,"remaining_time":1.14898836},
{"learn":[0.3457934793],"iteration":318,"passed_time":0.5372471851,"remaining_time":1.14691327},
{"learn":[0.3452794717],"iteration":319,"passed_time":0.5389709745,"remaining_time":1.145313321},
{"learn":[0.3448998093],"iteration":320,"passed_time":0.5406100134,"remaining_time":1.143533331},
{"learn":[0.3446563299],"iteration":321,"passed_time":0.5420552892,"remaining_time":1.14134623},
{"learn":[0.3442157888],"iteration":322,"passed_time":0.5435040681,"remaining_time":1.139171065},
{"learn":[0.3439865082],"iteration":323,"passed_time":0.5450958638,"remaining_time":1.137298778},
{"learn":[0.343656343],"iteration":324,"passed_time":0.546557099,"remaining_time":1.135157052},
{"learn":[0.3434871735],"iteration":325,"passed_time":0.5482310541,"remaining_time":1.133459296},
{"learn":[0.3430897831],"iteration":326,"passed_time":0.550079114,"remaining_time":1.132120011},
{"learn":[0.3429398861],"iteration":327,"passed_time":0.552222647,"remaining_time":1.131382984},
{"learn":[0.3426057471],"iteration":328,"passed_time":0.553868707,"remaining_time":1.129622804},
{"learn":[0.3423720913],"iteration":329,"passed_time":0.5554365304,"remaining_time":1.127704471},
{"learn":[0.342085265],"iteration":330,"passed_time":0.5571434045,"remaining_time":1.126069298},
{"learn":[0.3418435235],"iteration":331,"passed_time":0.5587152968,"remaining_time":1.124162103},
{"learn":[0.3416307423],"iteration":332,"passed_time":0.5602700516,"remaining_time":1.122222596},
{"learn":[0.3414259657],"iteration":333,"passed_time":0.5617743563,"remaining_time":1.120184794},
{"learn":[0.341054601],"iteration":334,"passed_time":0.5637491472,"remaining_time":1.119084128},
{"learn":[0.3405383079],"iteration":335,"passed_time":0.5656098252,"remaining_time":1.11775275},
{"learn":[0.3402530744],"iteration":336,"passed_time":0.5674397563,"remaining_time":1.11635774},
{"learn":[0.3400348688],"iteration":337,"passed_time":0.5689660089,"remaining_time":1.114365378},
{"learn":[0.339735182],"iteration":338,"passed_time":0.5704232208,"remaining_time":1.112241147},
{"learn":[0.3392552526],"iteration":339,"passed_time":0.5718951147,"remaining_time":1.11014934},
{"learn":[0.3389385385],"iteration":340,"passed_time":0.5735993712,"remaining_time":1.108510222},
{"learn":[0.3386132413],"iteration":341,"passed_time":0.5757644733,"remaining_time":1.107757378},
{"learn":[0.3382558673],"iteration":342,"passed_time":0.577371106,"remaining_time":1.105926579},
{"learn":[0.3378325146],"iteration":343,"passed_time":0.5789309374,"remaining_time":1.104007834},
{"learn":[0.3375174863],"iteration":344,"passed_time":0.5803890257,"remaining_time":1.101898005},
{"learn":[0.3372253707],"iteration":345,"passed_time":0.5819769129,"remaining_time":1.100037286},
{"learn":[0.336970373],"iteration":346,"passed_time":0.5833971741,"remaining_time":1.097862694},
{"learn":[0.3367384029],"iteration":347,"passed_time":0.584840932,"remaining_time":1.095736459},
{"learn":[0.3364180683],"iteration":348,"passed_time":0.586623098,"remaining_time":1.094245378},
{"learn":[0.3360255961],"iteration":349,"passed_time":0.5885423081,"remaining_time":1.093007144},
{"learn":[0.3358516244],"iteration":350,"passed_time":0.5900932351,"remaining_time":1.091084073},
{"learn":[0.3355128848],"iteration":351,"passed_time":0.591712301,"remaining_time":1.089288554},
{"learn":[0.3351788178],"iteration":352,"passed_time":0.5933713424,"remaining_time":1.087567305},
{"learn":[0.3349088829],"iteration":353,"passed_time":0.5949721083,"remaining_time":1.085740062},
{"learn":[0.3345731275],"iteration":354,"passed_time":0.5968392146,"remaining_time":1.08439801},
{"learn":[0.3341197133],"iteration":355,"passed_time":0.5985942768,"remaining_time":1.082850321},
{"learn":[0.3338113156],"iteration":356,"passed_time":0.6006590725,"remaining_time":1.081859338},
{"learn":[0.3336092168],"iteration":357,"passed_time":0.6021354041,"remaining_time":1.079807065},
{"learn":[0.3330280466],"iteration":358,"passed_time":0.603540412,"remaining_time":1.077630652},
{"learn":[0.3326041083],"iteration":359,"passed_time":0.6049825309,"remaining_time":1.075524499},
{"learn":[0.3321917917],"iteration":360,"passed_time":0.606651175,"remaining_time":1.073822994},
{"learn":[0.3318535698],"iteration":361,"passed_time":0.6082197695,"remaining_time":1.07194534},
{"learn":[0.3316937914],"iteration":362,"passed_time":0.6099694004,"remaining_time":1.070387075},
{"learn":[0.3315289852],"iteration":363,"passed_time":0.6114517761,"remaining_time":1.068360796},
{"learn":[0.3313449216],"iteration":364,"passed_time":0.6131488964,"remaining_time":1.066711094},
{"learn":[0.3308709663],"iteration":365,"passed_time":0.614707199,"remaining_time":1.064820667},
{"learn":[0.3305145084],"iteration":366,"passed_time":0.6161492077,"remaining_time":1.062731467},
{"learn":[0.3300776267],"iteration":367,"passed_time":0.6177867304,"remaining_time":1.060981559},
{"learn":[0.3300066098],"iteration":368,"passed_time":0.618934707,"remaining_time":1.058395122},
{"learn":[0.3296440352],"iteration":369,"passed_time":0.6204079685,"remaining_time":1.056370325},
{"learn":[0.3292446836],"iteration":370,"passed_time":0.6218274225,"remaining_time":1.054257274},
{"learn":[0.3289356914],"iteration":371,"passed_time":0.6234060045,"remaining_time":1.052416588},
{"learn":[0.3286370466],"iteration":372,"passed_time":0.6272395294,"remaining_time":1.054367788},
{"learn":[0.3283519667],"iteration":373,"passed_time":0.629291971,"remaining_time":1.053306882},
{"learn":[0.3281294135],"iteration":374,"passed_time":0.6309055394,"remaining_time":1.051509232},
{"learn":[0.3278032515],"iteration":375,"passed_time":0.6323887781,"remaining_time":1.04949627},
{"learn":[0.3276364881],"iteration":376,"passed_time":0.6340833909,"remaining_time":1.047835418},
{"learn":[0.327271533],"iteration":377,"passed_time":0.6357492271,"remaining_time":1.046127035},
{"learn":[0.3270958135],"iteration":378,"passed_time":0.6377416328,"remaining_time":1.044953968},
{"learn":[0.3268886977],"iteration":379,"passed_time":0.6393269798,"remaining_time":1.043112441},
{"learn":[0.3265385144],"iteration":380,"passed_time":0.640902204,"remaining_time":1.041255812},
{"learn":[0.3262930863],"iteration":381,"passed_time":0.6424218622,"remaining_time":1.039310761},
{"learn":[0.3260459597],"iteration":382,"passed_time":0.6438768237,"remaining_time":1.037263708},
{"learn":[0.3257653486],"iteration":383,"passed_time":0.6458519716,"remaining_time":1.036054204},
{"learn":[0.3254871551],"iteration":384,"passed_time":0.6475450485,"remaining_time":1.034390142},
{"learn":[0.3252162235],"iteration":385,"passed_time":0.6492349685,"remaining_time":1.032720908},
{"learn":[0.3249563041],"iteration":386,"passed_time":0.6509500282,"remaining_time":1.031091388},
{"learn":[0.324611845],"iteration":387,"passed_time":0.652394833,"remaining_time":1.029035149},
{"learn":[0.3244004872],"iteration":388,"passed_time":0.6539395007,"remaining_time":1.027138907},
{"learn":[0.3240068473],"iteration":389,"passed_time":0.6553793046,"remaining_time":1.025080451},
{"learn":[0.3237131996],"iteration":390,"passed_time":0.657019516,"remaining_time":1.023337302},
{"learn":[0.3234999514],"iteration":391,"passed_time":0.6584824003,"remaining_time":1.021319641},
{"learn":[0.3231873096],"iteration":392,"passed_time":0.6599411555,"remaining_time":1.019298426},
{"learn":[0.3230202595],"iteration":393,"passed_time":0.6616703157,"remaining_time":1.017695968},
{"learn":[0.3228156435],"iteration":394,"passed_time":0.6635937868,"remaining_time":1.016390484},
{"learn":[0.3225281217],"iteration":395,"passed_time":0.6653423804,"remaining_time":1.014815146},
{"learn":[0.322106608],"iteration":396,"passed_time":0.6670909684,"remaining_time":1.013238927},
{"learn":[0.3218651858],"iteration":397,"passed_time":0.6690349403,"remaining_time":1.011957372},
{"learn":[0.3214839949],"iteration":398,"passed_time":0.6709519716,"remaining_time":1.010631917},
{"learn":[0.3212135074],"iteration":399,"passed_time":0.6727531245,"remaining_time":1.009129687},
{"learn":[0.3209476543],"iteration":400,"passed_time":0.6752737495,"remaining_time":1.008700688},
{"learn":[0.3205445271],"iteration":401,"passed_time":0.6772956896,"remaining_time":1.007519459},
{"learn":[0.3203725643],"iteration":402,"passed_time":0.6790657752,"remaining_time":1.005960962},
{"learn":[0.3203249542],"iteration":403,"passed_time":0.6808104954,"remaining_time":1.004363998},
{"learn":[0.3200846223],"iteration":404,"passed_time":0.6823719595,"remaining_time":1.002497076},
{"learn":[0.3198599524],"iteration":405,"passed_time":0.6978564603,"remaining_time":1.021001816},
{"learn":[0.3196744088],"iteration":406,"passed_time":0.7003629934,"remaining_time":1.020430602},
{"learn":[0.3191225273],"iteration":407,"passed_time":0.702375328,"remaining_time":1.019132829},
{"learn":[0.3188403383],"iteration":408,"passed_time":0.7041794419,"remaining_time":1.017530685},
{"learn":[0.3187469168],"iteration":409,"passed_time":0.7058683196,"remaining_time":1.015761728},
{"learn":[0.3185690831],"iteration":410,"passed_time":0.7073288587,"remaining_time":1.013665931},
{"learn":[0.3183467467],"iteration":411,"passed_time":0.7089428784,"remaining_time":1.011792263},
{"learn":[0.3179737946],"iteration":412,"passed_time":0.7105149356,"remaining_time":1.009860211},
{"learn":[0.3177457102],"iteration":413,"passed_time":0.7119991218,"remaining_time":1.00780552},
{"learn":[0.3173068117],"iteration":414,"passed_time":0.7145035203,"remaining_time":1.007191709},
{"learn":[0.3166941059],"iteration":415,"passed_time":0.716218275,"remaining_time":1.005460271},
{"learn":[0.3165237558],"iteration":416,"passed_time":0.7182898879,"remaining_time":1.004227829},
{"learn":[0.3162649273],"iteration":417,"passed_time":0.7200632902,"remaining_time":1.00257616},
{"learn":[0.3159952942],"iteration":418,"passed_time":0.721702579,"remaining_time":1.000737944},
{"learn":[0.3157125007],"iteration":419,"passed_time":0.7235941393,"remaining_time":0.9992490495},
{"learn":[0.315534198],"iteration":420,"passed_time":0.7251782508,"remaining_time":0.9973354091},
{"learn":[0.3152129724],"iteration":421,"passed_time":0.7270816364,"remaining_time":0.9958606299},
{"learn":[0.3150131431],"iteration":422,"passed_time":0.7288612327,"remaining_time":0.9942149676},
{"learn":[0.3148342384],"iteration":423,"passed_time":0.7307030149,"remaining_time":0.9926531523},
{"learn":[0.3146694648],"iteration":424,"passed_time":0.7325688945,"remaining_time":0.991122622},
{"learn":[0.3144633062],"iteration":425,"passed_time":0.7346483396,"remaining_time":0.9898782792},
{"learn":[0.3141481795],"iteration":426,"passed_time":0.7364768373,"remaining_time":0.9882932735},
{"learn":[0.3138591434],"iteration":427,"passed_time":0.7385784649,"remaining_time":0.987072154},
{"learn":[0.3136982299],"iteration":428,"passed_time":0.7407315619,"remaining_time":0.9859154356},
{"learn":[0.3133421654],"iteration":429,"passed_time":0.7424509491,"remaining_time":0.9841791651},
{"learn":[0.3130966823],"iteration":430,"passed_time":0.7442728144,"remaining_time":0.982578263},
{"learn":[0.3127752405],"iteration":431,"passed_time":0.7461148164,"remaining_time":0.9810028142},
{"learn":[0.3124717947],"iteration":432,"passed_time":0.7476581563,"remaining_time":0.9790350454},
{"learn":[0.3123313503],"iteration":433,"passed_time":0.7491518579,"remaining_time":0.9770044967},
{"learn":[0.3120525379],"iteration":434,"passed_time":0.7510747818,"remaining_time":0.975533912},
{"learn":[0.3119625975],"iteration":435,"passed_time":0.7528178604,"remaining_time":0.9738286084},
{"learn":[0.3117182074],"iteration":436,"passed_time":0.7544854222,"remaining_time":0.9720258414},
{"learn":[0.3115481921],"iteration":437,"passed_time":0.7560911028,"remaining_time":0.9701442917},
{"learn":[0.3112667784],"iteration":438,"passed_time":0.7577347102,"remaining_time":0.9683124657},
{"learn":[0.3111237105],"iteration":439,"passed_time":0.7594133805,"remaining_time":0.9665261206},
{"learn":[0.3109744111],"iteration":440,"passed_time":0.7608975564,"remaining_time":0.9644937279},
{"learn":[0.3106730218],"iteration":441,"passed_time":0.7625743288,"remaining_time":0.9627069581},
{"learn":[0.3105063049],"iteration":442,"passed_time":0.7676611165,"remaining_time":0.965208221},
{"learn":[0.3103736368],"iteration":443,"passed_time":0.7695050121,"remaining_time":0.9636143846},
{"learn":[0.3100241898],"iteration":444,"passed_time":0.7711916656,"remaining_time":0.9618233132},
{"learn":[0.3097002028],"iteration":445,"passed_time":0.7739038549,"remaining_time":0.961306582},
{"learn":[0.3095225877],"iteration":446,"passed_time":0.7758950401,"remaining_time":0.9598880474},
{"learn":[0.3090793874],"iteration":447,"passed_time":0.778048384,"remaining_time":0.9586667588},
{"learn":[0.3087606779],"iteration":448,"passed_time":0.7796327535,"remaining_time":0.9567430895},
{"learn":[0.3085448493],"iteration":449,"passed_time":0.7812734961,"remaining_time":0.9548898286},
{"learn":[0.3083476205],"iteration":450,"passed_time":0.7827185921,"remaining_time":0.9527993505},
{"learn":[0.3082788615],"iteration":451,"passed_time":0.784150168,"remaining_time":0.9506953364},
{"learn":[0.3079036181],"iteration":452,"passed_time":0.7856688085,"remaining_time":0.9486994222},
{"learn":[0.3077585295],"iteration":453,"passed_time":0.7873564994,"remaining_time":0.9469089178},
{"learn":[0.3075566728],"iteration":454,"passed_time":0.7889979441,"remaining_time":0.9450634715},
{"learn":[0.3073990721],"iteration":455,"passed_time":0.7905020985,"remaining_time":0.943055135},
{"learn":[0.3072179224],"iteration":456,"passed_time":0.792039124,"remaining_time":0.941088062},
{"learn":[0.3070064345],"iteration":457,"passed_time":0.7937191576,"remaining_time":0.9392921035},
{"learn":[0.3067335293],"iteration":458,"passed_time":0.7956300876,"remaining_time":0.937768796},
{"learn":[0.3065554346],"iteration":459,"passed_time":0.7972292494,"remaining_time":0.9358778145},
{"learn":[0.3063982672],"iteration":460,"passed_time":0.7988490677,"remaining_time":0.9340122506},
{"learn":[0.3061187553],"iteration":461,"passed_time":0.8014969695,"remaining_time":0.9333449558},
{"learn":[0.3055609521],"iteration":462,"passed_time":0.8034391752,"remaining_time":0.9318506201},
{"learn":[0.305399203],"iteration":463,"passed_time":0.8049553913,"remaining_time":0.9298622624},
{"learn":[0.3051683508],"iteration":464,"passed_time":0.8066528678,"remaining_time":0.9280844824},
{"learn":[0.3048397406],"iteration":465,"passed_time":0.8084337865,"remaining_time":0.9264026652},
{"learn":[0.3046869577],"iteration":466,"passed_time":0.8102283739,"remaining_time":0.9247360242},
{"learn":[0.304468935],"iteration":467,"passed_time":0.8117508783,"remaining_time":0.9227595455},
{"learn":[0.3042446358],"iteration":468,"passed_time":0.8141764472,"remaining_time":0.9218074488},
{"learn":[0.3039564553],"iteration":469,"passed_time":0.8158443145,"remaining_time":0.9199946525},
{"learn":[0.3037883952],"iteration":470,"passed_time":0.8173059961,"remaining_time":0.9179508958},
{"learn":[0.3036870897],"iteration":471,"passed_time":0.818862091,"remaining_time":0.9160152205},
{"learn":[0.3034582122],"iteration":472,"passed_time":0.8204374308,"remaining_time":0.9141025921},
{"learn":[0.3032683253],"iteration":473,"passed_time":0.8220344179,"remaining_time":0.9122154089},
{"learn":[0.3030255738],"iteration":474,"passed_time":0.8236242823,"remaining_time":0.9103215751},
{"learn":[0.3027126129],"iteration":475,"passed_time":0.8261721708,"remaining_time":0.9094836502},
{"learn":[0.3025690575],"iteration":476,"passed_time":0.8277801118,"remaining_time":0.9076079632},
{"learn":[0.3022943273],"iteration":477,"passed_time":0.829316441,"remaining_time":0.9056551929},
{"learn":[0.3019028369],"iteration":478,"passed_time":0.8307969738,"remaining_time":0.9036434725},
{"learn":[0.3015086862],"iteration":479,"passed_time":0.8322519608,"remaining_time":0.9016062908},
{"learn":[0.3011866353],"iteration":480,"passed_time":0.8337262098,"remaining_time":0.8995923137},
{"learn":[0.3009736208],"iteration":481,"passed_time":0.8352051792,"remaining_time":0.897585649},
{"learn":[0.3006856526],"iteration":482,"passed_time":0.8367092179,"remaining_time":0.8956080034},
{"learn":[0.3004190728],"iteration":483,"passed_time":0.8399469395,"remaining_time":0.8954806215},
{"learn":[0.3002563313],"iteration":484,"passed_time":0.8417392285,"remaining_time":0.8938055725},
{"learn":[0.2999075887],"iteration":485,"passed_time":0.8439553532,"remaining_time":0.8925782953},
{"learn":[0.2996567414],"iteration":486,"passed_time":0.8458654539,"remaining_time":0.8910245952},
{"learn":[0.2994045203],"iteration":487,"passed_time":0.8475263147,"remaining_time":0.8892079368},
{"learn":[0.2991741811],"iteration":488,"passed_time":0.8497715224,"remaining_time":0.888002552},
{"learn":[0.2987984542],"iteration":489,"passed_time":0.8518665269,"remaining_time":0.8866365892},
{"learn":[0.2985591159],"iteration":490,"passed_time":0.8537251326,"remaining_time":0.8850225917},
{"learn":[0.2983727357],"iteration":491,"passed_time":0.8557372086,"remaining_time":0.8835660609},
{"learn":[0.298046276],"iteration":492,"passed_time":0.8573668676,"remaining_time":0.8817139997},
{"learn":[0.2978885883],"iteration":493,"passed_time":0.8589845527,"remaining_time":0.8798505742},
{"learn":[0.2974632283],"iteration":494,"passed_time":0.860611866,"remaining_time":0.8779979643},
{"learn":[0.2972733087],"iteration":495,"passed_time":0.8627715566,"remaining_time":0.8766872269},
{"learn":[0.2971450672],"iteration":496,"passed_time":0.8643402307,"remaining_time":0.8747749216},
{"learn":[0.2969769315],"iteration":497,"passed_time":0.8659462922,"remaining_time":0.8729016841},
{"learn":[0.2968774995],"iteration":498,"passed_time":0.8676188995,"remaining_time":0.8710963299},
{"learn":[0.2967479334],"iteration":499,"passed_time":0.8691631714,"remaining_time":0.8691631714},
{"learn":[0.2965783072],"iteration":500,"passed_time":0.8710626189,"remaining_time":0.8675853231},
{"learn":[0.2962451272],"iteration":501,"passed_time":0.872659135,"remaining_time":0.8657056757},
{"learn":[0.2959717383],"iteration":502,"passed_time":0.8748252321,"remaining_time":0.8643899411},
{"learn":[0.2956373757],"iteration":503,"passed_time":0.8769594122,"remaining_time":0.8630394215},
{"learn":[0.2953324124],"iteration":504,"passed_time":0.8788088405,"remaining_time":0.8614066852},
{"learn":[0.2951278923],"iteration":505,"passed_time":0.8804481995,"remaining_time":0.859568005},
{"learn":[0.2947064107],"iteration":506,"passed_time":0.8821573964,"remaining_time":0.8577980206},
{"learn":[0.2945064616],"iteration":507,"passed_time":0.883773655,"remaining_time":0.8559382643},
{"learn":[0.2943864405],"iteration":508,"passed_time":0.8852782177,"remaining_time":0.8539717188},
{"learn":[0.2942154256],"iteration":509,"passed_time":0.8870727907,"remaining_time":0.8522856225},
{"learn":[0.294011825],"iteration":510,"passed_time":0.8886520491,"remaining_time":0.8503930568},
{"learn":[0.2936131991],"iteration":511,"passed_time":0.8903114971,"remaining_time":0.8485781457},
{"learn":[0.2931917661],"iteration":512,"passed_time":0.8918606523,"remaining_time":0.8466591378},
{"learn":[0.2929797975],"iteration":513,"passed_time":0.8935226385,"remaining_time":0.8448482535},
{"learn":[0.2927646968],"iteration":514,"passed_time":0.895053516,"remaining_time":0.8429144763},
{"learn":[0.2925225321],"iteration":515,"passed_time":0.8967126333,"remaining_time":0.8411025475},
{"learn":[0.2922462345],"iteration":516,"passed_time":0.8983415246,"remaining_time":0.8392629718},
{"learn":[0.2919766865],"iteration":517,"passed_time":0.8999500921,"remaining_time":0.8374052981},
{"learn":[0.291616687],"iteration":518,"passed_time":0.9018240494,"remaining_time":0.8357945429},
{"learn":[0.2914178901],"iteration":519,"passed_time":0.9034702494,"remaining_time":0.8339725379},
{"learn":[0.2911458231],"iteration":520,"passed_time":0.9051773669,"remaining_time":0.8322072145},
{"learn":[0.2908418502],"iteration":521,"passed_time":0.9068502943,"remaining_time":0.8304108059},
{"learn":[0.2906702135],"iteration":522,"passed_time":0.908921011,"remaining_time":0.8289776716},
{"learn":[0.2904459722],"iteration":523,"passed_time":0.9107582753,"remaining_time":0.8273300363},
{"learn":[0.2902574076],"iteration":524,"passed_time":0.9126970558,"remaining_time":0.8257735267},
{"learn":[0.2899313102],"iteration":525,"passed_time":0.9142991686,"remaining_time":0.8239121786},
{"learn":[0.2897148811],"iteration":526,"passed_time":0.9162554691,"remaining_time":0.8223697095},
{"learn":[0.2895685626],"iteration":527,"passed_time":0.9184531478,"remaining_time":0.8210414503},
{"learn":[0.2893941944],"iteration":528,"passed_time":0.9203709004,"remaining_time":0.8194606694},
{"learn":[0.2892011722],"iteration":529,"passed_time":0.9220693691,"remaining_time":0.8176841575},
{"learn":[0.2890447699],"iteration":530,"passed_time":0.9237187276,"remaining_time":0.8158645636},
{"learn":[0.288911376],"iteration":531,"passed_time":0.9254331763,"remaining_time":0.8141028694},
{"learn":[0.2885823717],"iteration":532,"passed_time":0.9270641376,"remaining_time":0.8122682031},
{"learn":[0.2883034087],"iteration":533,"passed_time":0.9287219546,"remaining_time":0.8104577357},
{"learn":[0.2881367815],"iteration":534,"passed_time":0.9303379377,"remaining_time":0.8086114786},
{"learn":[0.2880225399],"iteration":535,"passed_time":0.932004822,"remaining_time":0.8068101444},
{"learn":[0.2878207062],"iteration":536,"passed_time":0.9335641422,"remaining_time":0.8049165696},
{"learn":[0.2876578511],"iteration":537,"passed_time":0.9353926021,"remaining_time":0.8032553572},
{"learn":[0.2874813309],"iteration":538,"passed_time":0.9370986874,"remaining_time":0.8014888588},
{"learn":[0.2872838743],"iteration":539,"passed_time":0.9386984199,"remaining_time":0.7996319873},
{"learn":[0.2871187779],"iteration":540,"passed_time":0.9402137977,"remaining_time":0.7977044975},
{"learn":[0.286868653],"iteration":541,"passed_time":0.9417148753,"remaining_time":0.7957664444},
{"learn":[0.2865429328],"iteration":542,"passed_time":0.9439870037,"remaining_time":0.7944789331},
{"learn":[0.2862741059],"iteration":543,"passed_time":0.9456141947,"remaining_time":0.7926471926},
{"learn":[0.2861819328],"iteration":544,"passed_time":0.9472637709,"remaining_time":0.7908348913},
{"learn":[0.2859226017],"iteration":545,"passed_time":0.9489220724,"remaining_time":0.7890304412},
{"learn":[0.2856650787],"iteration":546,"passed_time":0.9504602465,"remaining_time":0.7871270414},
{"learn":[0.2856045842],"iteration":547,"passed_time":0.9520359918,"remaining_time":0.785255964},
{"learn":[0.2853552006],"iteration":548,"passed_time":0.9536761488,"remaining_time":0.7834388763},
{"learn":[0.2852396939],"iteration":549,"passed_time":0.9552322019,"remaining_time":0.7815536197},
{"learn":[0.2851306869],"iteration":550,"passed_time":0.9568005917,"remaining_time":0.779679611},
{"learn":[0.284793138],"iteration":551,"passed_time":0.9583443525,"remaining_time":0.7777867209},
{"learn":[0.2845123846],"iteration":552,"passed_time":0.9599056388,"remaining_time":0.7759092596},
{"learn":[0.2842616448],"iteration":553,"passed_time":0.9614051576,"remaining_time":0.7739832135},
{"learn":[0.2840262304],"iteration":554,"passed_time":0.9629160767,"remaining_time":0.7720678453},
{"learn":[0.2838471902],"iteration":555,"passed_time":0.9643965293,"remaining_time":0.7701296026},
{"learn":[0.2835926759],"iteration":556,"passed_time":0.9660246197,"remaining_time":0.7683104247},
{"learn":[0.2833963985],"iteration":557,"passed_time":0.967770532,"remaining_time":0.7665852601},
{"learn":[0.2831498523],"iteration":558,"passed_time":0.9693485376,"remaining_time":0.7647275583},
{"learn":[0.2828545528],"iteration":559,"passed_time":0.9707854752,"remaining_time":0.7627600162},
{"learn":[0.2825671799],"iteration":560,"passed_time":0.9723999024,"remaining_time":0.7609332569},
{"learn":[0.2822693772],"iteration":561,"passed_time":0.974001064,"remaining_time":0.7590969146},
{"learn":[0.2821368956],"iteration":562,"passed_time":0.9769050798,"remaining_time":0.7582726819},
{"learn":[0.2820032804],"iteration":563,"passed_time":0.9784317734,"remaining_time":0.7563763355},
{"learn":[0.2818465113],"iteration":564,"passed_time":0.9801176546,"remaining_time":0.7546038579},
{"learn":[0.2815218661],"iteration":565,"passed_time":0.9819081943,"remaining_time":0.752911937},
{"learn":[0.2813819759],"iteration":566,"passed_time":0.9836816117,"remaining_time":0.7512065924},
{"learn":[0.2812555384],"iteration":567,"passed_time":0.9855851928,"remaining_time":0.7496000058},
{"learn":[0.2810255306],"iteration":568,"passed_time":0.9877206308,"remaining_time":0.7481679997},
{"learn":[0.2808129521],"iteration":569,"passed_time":0.9897973954,"remaining_time":0.7466892632},
{"learn":[0.2803614035],"iteration":570,"passed_time":0.9917267182,"remaining_time":0.7450976569},
{"learn":[0.2802233324],"iteration":571,"passed_time":0.9937056621,"remaining_time":0.7435419989},
{"learn":[0.2800319392],"iteration":572,"passed_time":0.9957389123,"remaining_time":0.7420253326},
{"learn":[0.2797140454],"iteration":573,"passed_time":0.9975376794,"remaining_time":0.7403328422},
{"learn":[0.2794312566],"iteration":574,"passed_time":0.9989806001,"remaining_time":0.7383769653},
{"learn":[0.2792880474],"iteration":575,"passed_time":1.000870512,"remaining_time":0.7367519048},
{"learn":[0.2790604759],"iteration":576,"passed_time":1.002506881,"remaining_time":0.7349400529},
{"learn":[0.2788488693],"iteration":577,"passed_time":1.004491975,"remaining_time":0.733383414},
{"learn":[0.2786481034],"iteration":578,"passed_time":1.006565773,"remaining_time":0.7318897933},
{"learn":[0.2784924652],"iteration":579,"passed_time":1.008140692,"remaining_time":0.7300329147},
{"learn":[0.278238107],"iteration":580,"passed_time":1.010540377,"remaining_time":0.7287718036},
{"learn":[0.2779984258],"iteration":581,"passed_time":1.012372458,"remaining_time":0.7270991192},
{"learn":[0.2778853179],"iteration":582,"passed_time":1.014015942,"remaining_time":0.725290991},
{"learn":[0.2775972524],"iteration":583,"passed_time":1.016345058,"remaining_time":0.7239718218},
{"learn":[0.2772781569],"iteration":584,"passed_time":1.017960766,"remaining_time":0.7221431072},
{"learn":[0.2771461885],"iteration":585,"passed_time":1.019939456,"remaining_time":0.7205715611},
{"learn":[0.2769384203],"iteration":586,"passed_time":1.022264373,"remaining_time":0.7192422251},
{"learn":[0.2768016444],"iteration":587,"passed_time":1.023912246,"remaining_time":0.7174351113},
{"learn":[0.2767069266],"iteration":588,"passed_time":1.025470744,"remaining_time":0.7155661726},
{"learn":[0.2765102263],"iteration":589,"passed_time":1.026970183,"remaining_time":0.7136572458},
{"learn":[0.2762873671],"iteration":590,"passed_time":1.029227662,"remaining_time":0.7122743043},
{"learn":[0.2761133859],"iteration":591,"passed_time":1.031399602,"remaining_time":0.7108294556},
{"learn":[0.2759744892],"iteration":592,"passed_time":1.033295403,"remaining_time":0.7091926289},
{"learn":[0.2758130356],"iteration":593,"passed_time":1.034982978,"remaining_time":0.7074126077},
{"learn":[0.2755496813],"iteration":594,"passed_time":1.036629593,"remaining_time":0.7056050172},
{"learn":[0.2754012055],"iteration":595,"passed_time":1.038121181,"remaining_time":0.7036928808},
{"learn":[0.2752833289],"iteration":596,"passed_time":1.040102648,"remaining_time":0.7021128427},
{"learn":[0.2750947583],"iteration":597,"passed_time":1.042782946,"remaining_time":0.7010012447},
{"learn":[0.2748155859],"iteration":598,"passed_time":1.044621873,"remaining_time":0.699321154},
{"learn":[0.2747444582],"iteration":599,"passed_time":1.046449896,"remaining_time":0.697633264},
{"learn":[0.2746153678],"iteration":600,"passed_time":1.048369466,"remaining_time":0.6960056857},
{"learn":[0.2744961941],"iteration":601,"passed_time":1.050034051,"remaining_time":0.6942085587},
{"learn":[0.2744268684],"iteration":602,"passed_time":1.051648316,"remaining_time":0.6923787419},
{"learn":[0.27431479],"iteration":603,"passed_time":1.053756795,"remaining_time":0.6908736602},
{"learn":[0.2740072431],"iteration":604,"passed_time":1.055834301,"remaining_time":0.6893463619},
{"learn":[0.2739144981],"iteration":605,"passed_time":1.057813755,"remaining_time":0.6877534972},
{"learn":[0.2736985279],"iteration":606,"passed_time":1.059630181,"remaining_time":0.6860538077},
{"learn":[0.2735280356],"iteration":607,"passed_time":1.061279967,"remaining_time":0.6842462942},
{"learn":[0.2733933978],"iteration":608,"passed_time":1.063332952,"remaining_time":0.6826981679},
{"learn":[0.2732432912],"iteration":609,"passed_time":1.065186168,"remaining_time":0.6810206649},
{"learn":[0.2730067627],"iteration":610,"passed_time":1.066884381,"remaining_time":0.679243902},
{"learn":[0.2728377273],"iteration":611,"passed_time":1.068921153,"remaining_time":0.6776820383},
{"learn":[0.2725311932],"iteration":612,"passed_time":1.070763984,"remaining_time":0.6759961858},
{"learn":[0.272387161],"iteration":613,"passed_time":1.072470881,"remaining_time":0.6742243651},
{"learn":[0.2721141049],"iteration":614,"passed_time":1.074270791,"remaining_time":0.6725109833},
{"learn":[0.2719441262],"iteration":615,"passed_time":1.076238518,"remaining_time":0.6709019334},
{"learn":[0.2718185866],"iteration":616,"passed_time":1.078062465,"remaining_time":0.6692024704},
{"learn":[0.271685661],"iteration":617,"passed_time":1.080031305,"remaining_time":0.6675921662},
{"learn":[0.2715135011],"iteration":618,"passed_time":1.081894652,"remaining_time":0.665915771},
{"learn":[0.2713143584],"iteration":619,"passed_time":1.083864197,"remaining_time":0.6643038625},
{"learn":[0.2711816701],"iteration":620,"passed_time":1.086052432,"remaining_time":0.6628242702},
{"learn":[0.2709943257],"iteration":621,"passed_time":1.087896248,"remaining_time":0.6611330897},
{"learn":[0.2708923041],"iteration":622,"passed_time":1.089726876,"remaining_time":0.6594334386},
{"learn":[0.2706703693],"iteration":623,"passed_time":1.091579055,"remaining_time":0.6577463536},
{"learn":[0.2705548197],"iteration":624,"passed_time":1.093402121,"remaining_time":0.6560412724},
{"learn":[0.2701455098],"iteration":625,"passed_time":1.095683417,"remaining_time":0.6546095815},
{"learn":[0.2699754164],"iteration":626,"passed_time":1.098040724,"remaining_time":0.653220399},
{"learn":[0.2696364415],"iteration":627,"passed_time":1.099845651,"remaining_time":0.651500927},
{"learn":[0.2693711554],"iteration":628,"passed_time":1.102047401,"remaining_time":0.6500152399},
{"learn":[0.2692368774],"iteration":629,"passed_time":1.103724163,"remaining_time":0.6482189527},
{"learn":[0.269169919],"iteration":630,"passed_time":1.105439689,"remaining_time":0.6464457133},
{"learn":[0.2689287816],"iteration":631,"passed_time":1.107106568,"remaining_time":0.6446443309},
{"learn":[0.2687163173],"iteration":632,"passed_time":1.109290407,"remaining_time":0.6431430955},
{"learn":[0.2685404028],"iteration":633,"passed_time":1.110865131,"remaining_time":0.6412880722},
{"learn":[0.2683775453],"iteration":634,"passed_time":1.112567588,"remaining_time":0.6395073537},
{"learn":[0.2681874909],"iteration":635,"passed_time":1.114279151,"remaining_time":0.6377320925},
{"learn":[0.2679320998],"iteration":636,"passed_time":1.115775192,"remaining_time":0.6358342147},
{"learn":[0.2676383657],"iteration":637,"passed_time":1.117455702,"remaining_time":0.6340422633},
{"learn":[0.2674514299],"iteration":638,"passed_time":1.119042394,"remaining_time":0.632197659},
{"learn":[0.2672760358],"iteration":639,"passed_time":1.120900862,"remaining_time":0.630506735},
{"learn":[0.2671757132],"iteration":640,"passed_time":1.122720761,"remaining_time":0.6287936866},
{"learn":[0.2670475694],"iteration":641,"passed_time":1.124552072,"remaining_time":0.6270866695},
{"learn":[0.2666592989],"iteration":642,"passed_time":1.1274776,"remaining_time":0.6259867854},
{"learn":[0.2663537695],"iteration":643,"passed_time":1.129652323,"remaining_time":0.6244661911},
{"learn":[0.2662492049],"iteration":644,"passed_time":1.131103492,"remaining_time":0.6225453327},
{"learn":[0.2660099729],"iteration":645,"passed_time":1.133502874,"remaining_time":0.6211455375},
{"learn":[0.2657269313],"iteration":646,"passed_time":1.135649539,"remaining_time":0.6196047716},
{"learn":[0.2654816504],"iteration":647,"passed_time":1.137396108,"remaining_time":0.6178447994},
{"learn":[0.2653028163],"iteration":648,"passed_time":1.13899544,"remaining_time":0.6160052381},
{"learn":[0.2651189096],"iteration":649,"passed_time":1.14061456,"remaining_time":0.6141770709},
{"learn":[0.2649485003],"iteration":650,"passed_time":1.142283953,"remaining_time":0.6123764972},
{"learn":[0.2647883631],"iteration":651,"passed_time":1.144044201,"remaining_time":0.6106248192},
{"learn":[0.2645956775],"iteration":652,"passed_time":1.145720733,"remaining_time":0.6088286283},
{"learn":[0.2644537648],"iteration":653,"passed_time":1.147406418,"remaining_time":0.6070376463},
{"learn":[0.264204964],"iteration":654,"passed_time":1.149145451,"remaining_time":0.6052750847},
{"learn":[0.2640270281],"iteration":655,"passed_time":1.150755211,"remaining_time":0.6034448058},
{"learn":[0.2637713678],"iteration":656,"passed_time":1.152523673,"remaining_time":0.6016980513},
{"learn":[0.263506527],"iteration":657,"passed_time":1.15459724,"remaining_time":0.6001098115},
{"learn":[0.2633883256],"iteration":658,"passed_time":1.156384548,"remaining_time":0.598371974},
{"learn":[0.2632597885],"iteration":659,"passed_time":1.157945772,"remaining_time":0.596517519},
{"learn":[0.263087172],"iteration":660,"passed_time":1.159655032,"remaining_time":0.5947398726},
{"learn":[0.2629408542],"iteration":661,"passed_time":1.161243846,"remaining_time":0.5929009363},
{"learn":[0.2628286688],"iteration":662,"passed_time":1.163060192,"remaining_time":0.5911784081},
{"learn":[0.262569716],"iteration":663,"passed_time":1.164886219,"remaining_time":0.5894604963},
{"learn":[0.2623993868],"iteration":664,"passed_time":1.16659022,"remaining_time":0.5876807873},
{"learn":[0.2621148441],"iteration":665,"passed_time":1.168328172,"remaining_time":0.5859183325},
{"learn":[0.2618034297],"iteration":666,"passed_time":1.169868901,"remaining_time":0.5840574872},
{"learn":[0.2615927759],"iteration":667,"passed_time":1.171731492,"remaining_time":0.582357568},
{"learn":[0.2613709422],"iteration":668,"passed_time":1.17338386,"remaining_time":0.5805531506},
{"learn":[0.2611598474],"iteration":669,"passed_time":1.174967315,"remaining_time":0.5787152447},
{"learn":[0.2609358804],"iteration":670,"passed_time":1.176680025,"remaining_time":0.5769414726},
{"learn":[0.2608531047],"iteration":671,"passed_time":1.178294169,"remaining_time":0.5751197728},
{"learn":[0.2607328685],"iteration":672,"passed_time":1.180039991,"remaining_time":0.5733626701},
{"learn":[0.2606072116],"iteration":673,"passed_time":1.181690485,"remaining_time":0.5715594926},
{"learn":[0.2604683341],"iteration":674,"passed_time":1.183334329,"remaining_time":0.5697535657},
{"learn":[0.2604047032],"iteration":675,"passed_time":1.184944329,"remaining_time":0.5679318971},
{"learn":[0.2601819469],"iteration":676,"passed_time":1.186453394,"remaining_time":0.5660626974},
{"learn":[0.2600169683],"iteration":677,"passed_time":1.18794462,"remaining_time":0.5641860879},
{"learn":[0.2597827411],"iteration":678,"passed_time":1.190183239,"remaining_time":0.5626639467},
{"learn":[0.2596393372],"iteration":679,"passed_time":1.191787653,"remaining_time":0.5608412486},
{"learn":[0.2594778908],"iteration":680,"passed_time":1.193286572,"remaining_time":0.5589697743},
{"learn":[0.2592993238],"iteration":681,"passed_time":1.194780714,"remaining_time":0.5570971658},
{"learn":[0.2590308969],"iteration":682,"passed_time":1.196357538,"remaining_time":0.5552640404},
{"learn":[0.2588855331],"iteration":683,"passed_time":1.197848769,"remaining_time":0.5533921213},
{"learn":[0.2587219016],"iteration":684,"passed_time":1.199399736,"remaining_time":0.5515487835},
{"learn":[0.2587125707],"iteration":685,"passed_time":1.20011159,"remaining_time":0.5493222146},
{"learn":[0.2584989228],"iteration":686,"passed_time":1.201788562,"remaining_time":0.5475397668},
{"learn":[0.2584027846],"iteration":687,"passed_time":1.203610215,"remaining_time":0.545823237},
{"learn":[0.2581675916],"iteration":688,"passed_time":1.205407013,"remaining_time":0.544095183},
{"learn":[0.2580992198],"iteration":689,"passed_time":1.207101768,"remaining_time":0.5423210842},
{"learn":[0.2578123603],"iteration":690,"passed_time":1.209030739,"remaining_time":0.5406519512},
{"learn":[0.2574423981],"iteration":691,"passed_time":1.210836121,"remaining_time":0.5389270596},
{"learn":[0.2572697279],"iteration":692,"passed_time":1.214067271,"remaining_time":0.5378335531},
{"learn":[0.2570315676],"iteration":693,"passed_time":1.215628155,"remaining_time":0.5359974286},
{"learn":[0.2568880583],"iteration":694,"passed_time":1.218085363,"remaining_time":0.5345554471},
{"learn":[0.2567355073],"iteration":695,"passed_time":1.219954093,"remaining_time":0.5328535121},
{"learn":[0.2565924086],"iteration":696,"passed_time":1.221678954,"remaining_time":0.5310885553},
{"learn":[0.256410405],"iteration":697,"passed_time":1.223553578,"remaining_time":0.529388511},
{"learn":[0.2562501086],"iteration":698,"passed_time":1.225752231,"remaining_time":0.5278274987},
{"learn":[0.2559733438],"iteration":699,"passed_time":1.227776226,"remaining_time":0.5261898111},
{"learn":[0.2557041497],"iteration":700,"passed_time":1.229413907,"remaining_time":0.5243862456},
{"learn":[0.2553957753],"iteration":701,"passed_time":1.231160759,"remaining_time":0.5226294958},
{"learn":[0.2552837126],"iteration":702,"passed_time":1.232928002,"remaining_time":0.5208813892},
{"learn":[0.2551509999],"iteration":703,"passed_time":1.234440755,"remaining_time":0.5190262266},
{"learn":[0.2549055854],"iteration":704,"passed_time":1.235900929,"remaining_time":0.5171500341},
{"learn":[0.2547409276],"iteration":705,"passed_time":1.237377102,"remaining_time":0.5152816828},
{"learn":[0.2545579572],"iteration":706,"passed_time":1.239003058,"remaining_time":0.5134765147},
{"learn":[0.254357639],"iteration":707,"passed_time":1.240460791,"remaining_time":0.511602473},
{"learn":[0.2542414652],"iteration":708,"passed_time":1.241936518,"remaining_time":0.5097369913},
{"learn":[0.2539970435],"iteration":709,"passed_time":1.243519766,"remaining_time":0.5079165242},
{"learn":[0.253805281],"iteration":710,"passed_time":1.245131239,"remaining_time":0.5061081971},
{"learn":[0.2536006527],"iteration":711,"passed_time":1.246614708,"remaining_time":0.5042486461},
{"learn":[0.2535561959],"iteration":712,"passed_time":1.247991064,"remaining_time":0.5023470341},
{"learn":[0.2533241427],"iteration":713,"passed_time":1.249698638,"remaining_time":0.5005795665},
{"learn":[0.2531191119],"iteration":714,"passed_time":1.25180165,"remaining_time":0.4989698885},
{"learn":[0.2527540817],"iteration":715,"passed_time":1.25345928,"remaining_time":0.4971821723},
{"learn":[0.2525327496],"iteration":716,"passed_time":1.255661797,"remaining_time":0.4956098863},
{"learn":[0.252344342],"iteration":717,"passed_time":1.257871091,"remaining_time":0.4940385064},
{"learn":[0.2521181381],"iteration":718,"passed_time":1.259355161,"remaining_time":0.4921819198},
{"learn":[0.2519997308],"iteration":719,"passed_time":1.260935579,"remaining_time":0.4903638364},
{"learn":[0.2517876588],"iteration":720,"passed_time":1.262583327,"remaining_time":0.4885724665},
{"learn":[0.2516546082],"iteration":721,"passed_time":1.264378129,"remaining_time":0.4868381161},
{"learn":[0.2514915968],"iteration":722,"passed_time":1.265900262,"remaining_time":0.4849991324},
{"learn":[0.2511357172],"iteration":723,"passed_time":1.267379567,"remaining_time":0.4831446969},
{"learn":[0.250935131],"iteration":724,"passed_time":1.269078257,"remaining_time":0.4813745114},
{"learn":[0.2508056803],"iteration":725,"passed_time":1.270635297,"remaining_time":0.4795510626},
{"learn":[0.2505158117],"iteration":726,"passed_time":1.272109176,"remaining_time":0.4776971182},
{"learn":[0.2502801176],"iteration":727,"passed_time":1.273961742,"remaining_time":0.4759857057},
{"learn":[0.2500717883],"iteration":728,"passed_time":1.275786807,"remaining_time":0.4742636827},
{"learn":[0.2498837878],"iteration":729,"passed_time":1.277250487,"remaining_time":0.4724077145},
{"learn":[0.249735106],"iteration":730,"passed_time":1.278623044,"remaining_time":0.4705192872},
{"learn":[0.2494722396],"iteration":731,"passed_time":1.280034401,"remaining_time":0.4686464746},
{"learn":[0.2492957062],"iteration":732,"passed_time":1.281448845,"remaining_time":0.4667760457},
{"learn":[0.2491533433],"iteration":733,"passed_time":1.282849052,"remaining_time":0.4649017001},
{"learn":[0.2490683359],"iteration":734,"passed_time":1.284220356,"remaining_time":0.4630182237},
{"learn":[0.2489887422],"iteration":735,"passed_time":1.285599979,"remaining_time":0.4611391228},
{"learn":[0.2487777552],"iteration":736,"passed_time":1.287645697,"remaining_time":0.4594990751},
{"learn":[0.2486075146],"iteration":737,"passed_time":1.289190119,"remaining_time":0.4576799611},
{"learn":[0.2484752426],"iteration":738,"passed_time":1.290563919,"remaining_time":0.45580133},
{"learn":[0.2482737561],"iteration":739,"passed_time":1.291971497,"remaining_time":0.4539359314},
{"learn":[0.2479315247],"iteration":740,"passed_time":1.293381686,"remaining_time":0.4520726812},
{"learn":[0.2477777894],"iteration":741,"passed_time":1.294773155,"remaining_time":0.4502041427},
{"learn":[0.2475036397],"iteration":742,"passed_time":1.296157533,"remaining_time":0.448334436},
{"learn":[0.2472953391],"iteration":743,"passed_time":1.297562526,"remaining_time":0.4464731273},
{"learn":[0.2471581055],"iteration":744,"passed_time":1.299434178,"remaining_time":0.4447727722},
{"learn":[0.2469080831],"iteration":745,"passed_time":1.301390911,"remaining_time":0.4431009269},
{"learn":[0.24676712],"iteration":746,"passed_time":1.30300659,"remaining_time":0.4413128075},
{"learn":[0.2466654373],"iteration":747,"passed_time":1.304533533,"remaining_time":0.4394952545},
{"learn":[0.2465287411],"iteration":748,"passed_time":1.306023574,"remaining_time":0.4376661109},
{"learn":[0.2462741482],"iteration":749,"passed_time":1.307462285,"remaining_time":0.4358207618},
{"learn":[0.2461473331],"iteration":750,"passed_time":1.308827957,"remaining_time":0.4339522788},
{"learn":[0.2459840727],"iteration":751,"passed_time":1.310239149,"remaining_time":0.4321001448},
{"learn":[0.2457058746],"iteration":752,"passed_time":1.312347677,"remaining_time":0.4304779234},
{"learn":[0.245431319],"iteration":753,"passed_time":1.314078311,"remaining_time":0.42873112},
{"learn":[0.2451868081],"iteration":754,"passed_time":1.315606538,"remaining_time":0.4269186778},
{"learn":[0.2451303267],"iteration":755,"passed_time":1.317021608,"remaining_time":0.425070466},
{"learn":[0.245000393],"iteration":756,"passed_time":1.31839199,"remaining_time":0.4232090536},
{"learn":[0.2448053328],"iteration":757,"passed_time":1.319862265,"remaining_time":0.4213808286},
{"learn":[0.244674058],"iteration":758,"passed_time":1.321318755,"remaining_time":0.41954917},
{"learn":[0.2445027859],"iteration":759,"passed_time":1.322671699,"remaining_time":0.4176857998},
{"learn":[0.2443650091],"iteration":760,"passed_time":1.324197502,"remaining_time":0.415878059},
{"learn":[0.2441201556],"iteration":761,"passed_time":1.325791422,"remaining_time":0.4140923339},
{"learn":[0.2438130674],"iteration":762,"passed_time":1.327219525,"remaining_time":0.412255606},
{"learn":[0.2436345947],"iteration":763,"passed_time":1.328811406,"remaining_time":0.410470539},
{"learn":[0.2434467804],"iteration":764,"passed_time":1.330270782,"remaining_time":0.4086452731},
{"learn":[0.243200932],"iteration":765,"passed_time":1.331730861,"remaining_time":0.4068211767},
{"learn":[0.2430335664],"iteration":766,"passed_time":1.333119553,"remaining_time":0.404976344},
{"learn":[0.2429232158],"iteration":767,"passed_time":1.334506616,"remaining_time":0.403132207},
{"learn":[0.2426760712],"iteration":768,"passed_time":1.336040741,"remaining_time":0.4013334345},
{"learn":[0.2423833701],"iteration":769,"passed_time":1.337816814,"remaining_time":0.3996076199},
{"learn":[0.2422088439],"iteration":770,"passed_time":1.339234695,"remaining_time":0.3977752855},
{"learn":[0.2421476979],"iteration":771,"passed_time":1.340604285,"remaining_time":0.3959297631},
{"learn":[0.241969615],"iteration":772,"passed_time":1.341995909,"remaining_time":0.3940919421},
{"learn":[0.2418347123],"iteration":773,"passed_time":1.343536881,"remaining_time":0.3922988824},
{"learn":[0.2416410122],"iteration":774,"passed_time":1.345096115,"remaining_time":0.3905117754},
{"learn":[0.2415309858],"iteration":775,"passed_time":1.34649506,"remaining_time":0.3886789863},
{"learn":[0.2414298598],"iteration":776,"passed_time":1.3481071,"remaining_time":0.3869084726},
{"learn":[0.2412268572],"iteration":777,"passed_time":1.349976356,"remaining_time":0.3852117624},
{"learn":[0.2410621762],"iteration":778,"passed_time":1.351491399,"remaining_time":0.3834141197},
{"learn":[0.2408493434],"iteration":779,"passed_time":1.353015322,"remaining_time":0.3816197062},
{"learn":[0.2407644548],"iteration":780,"passed_time":1.354571525,"remaining_time":0.379835037},
{"learn":[0.2405170991],"iteration":781,"passed_time":1.356088236,"remaining_time":0.3780399432},
{"learn":[0.2403593381],"iteration":782,"passed_time":1.35765597,"remaining_time":0.3762597004},
{"learn":[0.2402330499],"iteration":783,"passed_time":1.359119836,"remaining_time":0.3744513834},
{"learn":[0.24003429],"iteration":784,"passed_time":1.360626661,"remaining_time":0.3726557097},
{"learn":[0.2398205171],"iteration":785,"passed_time":1.362399356,"remaining_time":0.370933158},
{"learn":[0.2396400853],"iteration":786,"passed_time":1.363826162,"remaining_time":0.3691168646},
{"learn":[0.2394035037],"iteration":787,"passed_time":1.365256695,"remaining_time":0.3673025627},
{"learn":[0.2391498046],"iteration":788,"passed_time":1.366687109,"remaining_time":0.3654892014},
{"learn":[0.2388078323],"iteration":789,"passed_time":1.368125634,"remaining_time":0.3636789661},
{"learn":[0.2386941713],"iteration":790,"passed_time":1.369829896,"remaining_time":0.3619398839},
{"learn":[0.2385787198],"iteration":791,"passed_time":1.371541222,"remaining_time":0.3602027452},
{"learn":[0.2383957609],"iteration":792,"passed_time":1.373101148,"remaining_time":0.358426151},
{"learn":[0.2382633267],"iteration":793,"passed_time":1.374803646,"remaining_time":0.3566870921},
{"learn":[0.2380733688],"iteration":794,"passed_time":1.376536957,"remaining_time":0.3549560706},
{"learn":[0.2379320878],"iteration":795,"passed_time":1.378030573,"remaining_time":0.3531636141},
{"learn":[0.2377798476],"iteration":796,"passed_time":1.379465069,"remaining_time":0.3513568495},
{"learn":[0.2376807649],"iteration":797,"passed_time":1.381063647,"remaining_time":0.3495925523},
{"learn":[0.2374454198],"iteration":798,"passed_time":1.382714967,"remaining_time":0.347841938},
{"learn":[0.2373368946],"iteration":799,"passed_time":1.384308106,"remaining_time":0.3460770265},
{"learn":[0.2371040084],"iteration":800,"passed_time":1.385742162,"remaining_time":0.3442730215},
{"learn":[0.2370320721],"iteration":801,"passed_time":1.387212192,"remaining_time":0.3424788204},
{"learn":[0.2368073154],"iteration":802,"passed_time":1.388985288,"remaining_time":0.340759778},
{"learn":[0.2366625398],"iteration":803,"passed_time":1.390434713,"remaining_time":0.3389616961},
{"learn":[0.2363386545],"iteration":804,"passed_time":1.391837576,"remaining_time":0.3371532016},
{"learn":[0.2362375885],"iteration":805,"passed_time":1.393250671,"remaining_time":0.3353481765},
{"learn":[0.2360281696],"iteration":806,"passed_time":1.394772562,"remaining_time":0.3335701418},
{"learn":[0.2357854714],"iteration":807,"passed_time":1.39623993,"remaining_time":0.3317797854},
{"learn":[0.2356472821],"iteration":808,"passed_time":1.397693594,"remaining_time":0.329986992},
{"learn":[0.2354517928],"iteration":809,"passed_time":1.399193254,"remaining_time":0.328205825},
{"learn":[0.2353510151],"iteration":810,"passed_time":1.400716427,"remaining_time":0.326430832},
{"learn":[0.2352314227],"iteration":811,"passed_time":1.402208866,"remaining_time":0.3246493434},
{"learn":[0.2349742162],"iteration":812,"passed_time":1.403828047,"remaining_time":0.322897718},
{"learn":[0.2346393317],"iteration":813,"passed_time":1.405236853,"remaining_time":0.3210983473},
{"learn":[0.234461882],"iteration":814,"passed_time":1.406719072,"remaining_time":0.3193165993},
{"learn":[0.2344020403],"iteration":815,"passed_time":1.407616612,"remaining_time":0.3174037459},
{"learn":[0.2340506161],"iteration":816,"passed_time":1.409034232,"remaining_time":0.3156098709},
{"learn":[0.2338706009],"iteration":817,"passed_time":1.410415779,"remaining_time":0.3138088897},
{"learn":[0.2337427035],"iteration":818,"passed_time":1.412196111,"remaining_time":0.3120970649},
{"learn":[0.2335966225],"iteration":819,"passed_time":1.413721107,"remaining_time":0.3103290234},
{"learn":[0.2333267043],"iteration":820,"passed_time":1.415248306,"remaining_time":0.3085620546},
{"learn":[0.2331222101],"iteration":821,"passed_time":1.416706265,"remaining_time":0.3067806755},
{"learn":[0.2330436222],"iteration":822,"passed_time":1.41810052,"remaining_time":0.3049863815},
{"learn":[0.2327615],"iteration":823,"passed_time":1.41952939,"remaining_time":0.3032004522},
{"learn":[0.2325649135],"iteration":824,"passed_time":1.420924045,"remaining_time":0.3014081308},
{"learn":[0.2323573467],"iteration":825,"passed_time":1.422298236,"remaining_time":0.2996124613},
{"learn":[0.2322353072],"iteration":826,"passed_time":1.423687379,"remaining_time":0.297820939},
{"learn":[0.231947582],"iteration":827,"passed_time":1.425183019,"remaining_time":0.2960525112},
{"learn":[0.2318520777],"iteration":828,"passed_time":1.426550415,"remaining_time":0.2942582882},
{"learn":[0.2317246615],"iteration":829,"passed_time":1.427930539,"remaining_time":0.2924677007},
{"learn":[0.2315444351],"iteration":830,"passed_time":1.429382975,"remaining_time":0.2906928072},
{"learn":[0.2314424953],"iteration":831,"passed_time":1.430783172,"remaining_time":0.2889081406},
{"learn":[0.2313760609],"iteration":832,"passed_time":1.432154276,"remaining_time":0.2871185644},
{"learn":[0.2312982518],"iteration":833,"passed_time":1.433629377,"remaining_time":0.2853506914},
{"learn":[0.2311554759],"iteration":834,"passed_time":1.435052875,"remaining_time":0.2835733227},
{"learn":[0.2309254986],"iteration":835,"passed_time":1.43647465,"remaining_time":0.2817964624},
{"learn":[0.2307408407],"iteration":836,"passed_time":1.43788062,"remaining_time":0.2800173728},
{"learn":[0.230515781],"iteration":837,"passed_time":1.439283287,"remaining_time":0.2782385352},
{"learn":[0.2303323257],"iteration":838,"passed_time":1.440689983,"remaining_time":0.2764613675},
{"learn":[0.2301044907],"iteration":839,"passed_time":1.442214787,"remaining_time":0.2747075786},
{"learn":[0.2300499903],"iteration":840,"passed_time":1.443780771,"remaining_time":0.2729621197},
{"learn":[0.2298423534],"iteration":841,"passed_time":1.445237472,"remaining_time":0.2711965803},
{"learn":[0.229697091],"iteration":842,"passed_time":1.44666995,"remaining_time":0.2694272623},
{"learn":[0.2295727911],"iteration":843,"passed_time":1.448380466,"remaining_time":0.2677101335},
{"learn":[0.2293966803],"iteration":844,"passed_time":1.449935497,"remaining_time":0.2659644994},
{"learn":[0.2290339724],"iteration":845,"passed_time":1.451541932,"remaining_time":0.2642286731},
{"learn":[0.2289790166],"iteration":846,"passed_time":1.453110282,"remaining_time":0.2624862729},
{"learn":[0.2288461796],"iteration":847,"passed_time":1.454759137,"remaining_time":0.2607587132},
{"learn":[0.2286910712],"iteration":848,"passed_time":1.456367789,"remaining_time":0.2590241887},
{"learn":[0.2284930106],"iteration":849,"passed_time":1.457784994,"remaining_time":0.2572561754},
{"learn":[0.2283801322],"iteration":850,"passed_time":1.459236809,"remaining_time":0.2554950464},
{"learn":[0.2280676174],"iteration":851,"passed_time":1.461082984,"remaining_time":0.2538031475},
{"learn":[0.2278419277],"iteration":852,"passed_time":1.462806052,"remaining_time":0.2520896714},
{"learn":[0.2278325463],"iteration":853,"passed_time":1.463603077,"remaining_time":0.2502178563},
{"learn":[0.2275906402],"iteration":854,"passed_time":1.465078509,"remaining_time":0.2484636067},
{"learn":[0.2275152849],"iteration":855,"passed_time":1.466634921,"remaining_time":0.2467236317},
{"learn":[0.2273770857],"iteration":856,"passed_time":1.468249773,"remaining_time":0.2449938361},
{"learn":[0.2272561446],"iteration":857,"passed_time":1.469777173,"remaining_time":0.2432498352},
{"learn":[0.2271175546],"iteration":858,"passed_time":1.471215929,"remaining_time":0.2414917881},
{"learn":[0.2269275492],"iteration":859,"passed_time":1.472705387,"remaining_time":0.2397427373},
{"learn":[0.2267563346],"iteration":860,"passed_time":1.474593659,"remaining_time":0.2380586743},
{"learn":[0.2265528538],"iteration":861,"passed_time":1.476642443,"remaining_time":0.2363998343},
{"learn":[0.2264214469],"iteration":862,"passed_time":1.478373543,"remaining_time":0.2346896585},
{"learn":[0.2262793578],"iteration":863,"passed_time":1.480357018,"remaining_time":0.2330191602},
{"learn":[0.2261626659],"iteration":864,"passed_time":1.482361756,"remaining_time":0.2313512567},
{"learn":[0.2260122588],"iteration":865,"passed_time":1.483907962,"remaining_time":0.2296116246},
{"learn":[0.2258999685],"iteration":866,"passed_time":1.485904892,"remaining_time":0.2279415809},
{"learn":[0.2257354718],"iteration":867,"passed_time":1.487635973,"remaining_time":0.2262303553},
{"learn":[0.2256352706],"iteration":868,"passed_time":1.489244318,"remaining_time":0.2245005818},
{"learn":[0.2254658007],"iteration":869,"passed_time":1.490939529,"remaining_time":0.2227840676},
{"learn":[0.2251383901],"iteration":870,"passed_time":1.492818563,"remaining_time":0.2210948274},
{"learn":[0.224842489],"iteration":871,"passed_time":1.494348775,"remaining_time":0.2193539486},
{"learn":[0.2247500798],"iteration":872,"passed_time":1.495888402,"remaining_time":0.2176149221},
{"learn":[0.2245035357],"iteration":873,"passed_time":1.498321038,"remaining_time":0.2160050925},
{"learn":[0.2243412599],"iteration":874,"passed_time":1.499979655,"remaining_time":0.2142828079},
{"learn":[0.2241252294],"iteration":875,"passed_time":1.50185505,"remaining_time":0.2125913541},
{"learn":[0.22393769],"iteration":876,"passed_time":1.503505674,"remaining_time":0.2108679566},
{"learn":[0.223774876],"iteration":877,"passed_time":1.5051916,"remaining_time":0.2091496301},
{"learn":[0.2235591577],"iteration":878,"passed_time":1.506858435,"remaining_time":0.2074287493},
{"learn":[0.2233823346],"iteration":879,"passed_time":1.50832147,"remaining_time":0.2056802005},
{"learn":[0.2233372966],"iteration":880,"passed_time":1.510413092,"remaining_time":0.2040172054},
{"learn":[0.2232370465],"iteration":881,"passed_time":1.512079786,"remaining_time":0.2022963886},
{"learn":[0.2231263988],"iteration":882,"passed_time":1.513522115,"remaining_time":0.2005459654},
{"learn":[0.2229119788],"iteration":883,"passed_time":1.514974521,"remaining_time":0.1987975616},
{"learn":[0.2226840286],"iteration":884,"passed_time":1.516493723,"remaining_time":0.1970585064},
{"learn":[0.2225359664],"iteration":885,"passed_time":1.517904163,"remaining_time":0.1953059533},
{"learn":[0.2224221662],"iteration":886,"passed_time":1.51930894,"remaining_time":0.1935534501},
{"learn":[0.2221372281],"iteration":887,"passed_time":1.520739364,"remaining_time":0.1918049648},
{"learn":[0.2217624324],"iteration":888,"passed_time":1.522711561,"remaining_time":0.1901248405},
{"learn":[0.2216888041],"iteration":889,"passed_time":1.524224394,"remaining_time":0.1883872847},
{"learn":[0.2214711336],"iteration":890,"passed_time":1.525654236,"remaining_time":0.1866400805},
{"learn":[0.2213113463],"iteration":891,"passed_time":1.527046125,"remaining_time":0.1848889928},
{"learn":[0.2211884835],"iteration":892,"passed_time":1.528581144,"remaining_time":0.1831558594},
{"learn":[0.2209498815],"iteration":893,"passed_time":1.530022632,"remaining_time":0.1814120794},
{"learn":[0.2208360363],"iteration":894,"passed_time":1.531468038,"remaining_time":0.1796694346},
{"learn":[0.2207012134],"iteration":895,"passed_time":1.533195385,"remaining_time":0.1779601786},
{"learn":[0.2205245197],"iteration":896,"passed_time":1.535207047,"remaining_time":0.1762835294},
{"learn":[0.2203609131],"iteration":897,"passed_time":1.53677908,"remaining_time":0.1745561983},
{"learn":[0.2201295965],"iteration":898,"passed_time":1.538177503,"remaining_time":0.1728097084},
{"learn":[0.2198794319],"iteration":899,"passed_time":1.539601823,"remaining_time":0.1710668692},
{"learn":[0.2197310907],"iteration":900,"passed_time":1.541171443,"remaining_time":0.1693407024},
{"learn":[0.2196556064],"iteration":901,"passed_time":1.54255092,"remaining_time":0.1675942241},
{"learn":[0.21946569],"iteration":902,"passed_time":1.54404846,"remaining_time":0.165861241},
{"learn":[0.2192770391],"iteration":903,"passed_time":1.545465043,"remaining_time":0.1641201816},
{"learn":[0.2192307314],"iteration":904,"passed_time":1.546862194,"remaining_time":0.1623777993},
{"learn":[0.2191825692],"iteration":905,"passed_time":1.548240032,"remaining_time":0.1606341755},
{"learn":[0.2190045241],"iteration":906,"passed_time":1.549640415,"remaining_time":0.1588936699},
{"learn":[0.2188536529],"iteration":907,"passed_time":1.551252039,"remaining_time":0.1571753167},
{"learn":[0.2186853948],"iteration":908,"passed_time":1.55268151,"remaining_time":0.1554389631},
{"learn":[0.218450095],"iteration":909,"passed_time":1.55409634,"remaining_time":0.1537018358},
{"learn":[0.2182002147],"iteration":910,"passed_time":1.555614442,"remaining_time":0.1519755053},
{"learn":[0.2180586202],"iteration":911,"passed_time":1.557128883,"remaining_time":0.1502492782},
{"learn":[0.2178804079],"iteration":912,"passed_time":1.558676653,"remaining_time":0.1485266909},
{"learn":[0.2176705687],"iteration":913,"passed_time":1.572804365,"remaining_time":0.1479881569},
{"learn":[0.2175966105],"iteration":914,"passed_time":1.574278945,"remaining_time":0.1462444922},
{"learn":[0.2174173579],"iteration":915,"passed_time":1.57584945,"remaining_time":0.1445102116},
{"learn":[0.2171739907],"iteration":916,"passed_time":1.577309132,"remaining_time":0.1427662573},
{"learn":[0.2169958065],"iteration":917,"passed_time":1.578741835,"remaining_time":0.1410205125},
{"learn":[0.2167595495],"iteration":918,"passed_time":1.580228113,"remaining_time":0.139280171},
{"learn":[0.2166557106],"iteration":919,"passed_time":1.581554098,"remaining_time":0.1375264433},
{"learn":[0.2165494654],"iteration":920,"passed_time":1.582858968,"remaining_time":0.1357718333},
{"learn":[0.2164049908],"iteration":921,"passed_time":1.584203478,"remaining_time":0.1340215524},
{"learn":[0.2159361351],"iteration":922,"passed_time":1.585664772,"remaining_time":0.1322818932},
{"learn":[0.2157550644],"iteration":923,"passed_time":1.587149679,"remaining_time":0.1305447788},
{"learn":[0.215402635],"iteration":924,"passed_time":1.588665228,"remaining_time":0.1288106942},
{"learn":[0.2152499133],"iteration":925,"passed_time":1.590033506,"remaining_time":0.1270653125},
{"learn":[0.215052111],"iteration":926,"passed_time":1.59132266,"remaining_time":0.1253145137},
{"learn":[0.214747193],"iteration":927,"passed_time":1.592736558,"remaining_time":0.1235743881},
{"learn":[0.2146322022],"iteration":928,"passed_time":1.594139842,"remaining_time":0.1218341537},
{"learn":[0.2144279607],"iteration":929,"passed_time":1.595536151,"remaining_time":0.1200941189},
{"learn":[0.2142148347],"iteration":930,"passed_time":1.597038616,"remaining_time":0.1183626901},
{"learn":[0.2140131818],"iteration":931,"passed_time":1.598509327,"remaining_time":0.1166294359},
{"learn":[0.2138469301],"iteration":932,"passed_time":1.600100797,"remaining_time":0.1149054163},
{"learn":[0.2138233862],"iteration":933,"passed_time":1.601476642,"remaining_time":0.1131664436},
{"learn":[0.2137313873],"iteration":934,"passed_time":1.602872199,"remaining_time":0.1114296181},
{"learn":[0.2135612617],"iteration":935,"passed_time":1.604245938,"remaining_time":0.10969203},
{"learn":[0.2133924466],"iteration":936,"passed_time":1.605759744,"remaining_time":0.1079646359},
{"learn":[0.2132180155],"iteration":937,"passed_time":1.607153758,"remaining_time":0.1062297793},
{"learn":[0.2130928813],"iteration":938,"passed_time":1.608577707,"remaining_time":0.1044975933},
{"learn":[0.2129086695],"iteration":939,"passed_time":1.610177175,"remaining_time":0.1027772665},
{"learn":[0.2128477683],"iteration":940,"passed_time":1.611506537,"remaining_time":0.1010402611},
{"learn":[0.2127635161],"iteration":941,"passed_time":1.612780354,"remaining_time":0.09930070121},
{"learn":[0.2125632496],"iteration":942,"passed_time":1.614242692,"remaining_time":0.09757352432},
{"learn":[0.2124328526],"iteration":943,"passed_time":1.615961864,"remaining_time":0.09586214449},
{"learn":[0.2122871531],"iteration":944,"passed_time":1.617603143,"remaining_time":0.0941462147},
{"learn":[0.212197836],"iteration":945,"passed_time":1.619193473,"remaining_time":0.09242753441},
{"learn":[0.2121256464],"iteration":946,"passed_time":1.620604858,"remaining_time":0.09069911029},
{"learn":[0.2120609292],"iteration":947,"passed_time":1.621917158,"remaining_time":0.08896592003},
{"learn":[0.2119012349],"iteration":948,"passed_time":1.623215417,"remaining_time":0.08723286224},
{"learn":[0.2118193667],"iteration":949,"passed_time":1.624627671,"remaining_time":0.0855067195},
{"learn":[0.2117365142],"iteration":950,"passed_time":1.625917547,"remaining_time":0.08377493145},
{"learn":[0.2116328633],"iteration":951,"passed_time":1.627176917,"remaining_time":0.08204253363},
{"learn":[0.2114772083],"iteration":952,"passed_time":1.628478063,"remaining_time":0.08031318882},
{"learn":[0.2112758105],"iteration":953,"passed_time":1.630055033,"remaining_time":0.07859804144},
{"learn":[0.2110661813],"iteration":954,"passed_time":1.631502825,"remaining_time":0.07687709645},
{"learn":[0.2109590841],"iteration":955,"passed_time":1.632930422,"remaining_time":0.07515579348},
{"learn":[0.2108490563],"iteration":956,"passed_time":1.63423024,"remaining_time":0.07342936293},
{"learn":[0.2106920475],"iteration":957,"passed_time":1.635554051,"remaining_time":0.07170487487},
{"learn":[0.2105047011],"iteration":958,"passed_time":1.636908543,"remaining_time":0.06998253415},
{"learn":[0.2103592921],"iteration":959,"passed_time":1.63823561,"remaining_time":0.0682598171},
{"learn":[0.2102746781],"iteration":960,"passed_time":1.639557347,"remaining_time":0.06653770709},
{"learn":[0.2101460146],"iteration":961,"passed_time":1.640848215,"remaining_time":0.06481521016},
{"learn":[0.2100364449],"iteration":962,"passed_time":1.642142922,"remaining_time":0.06309375714},
{"learn":[0.2098209228],"iteration":963,"passed_time":1.643792915,"remaining_time":0.06138645741},
{"learn":[0.2096891521],"iteration":964,"passed_time":1.645195407,"remaining_time":0.05967029975},
{"learn":[0.2095945596],"iteration":965,"passed_time":1.646616581,"remaining_time":0.05795544901},
{"learn":[0.2094314246],"iteration":966,"passed_time":1.647943913,"remaining_time":0.05623800325},
{"learn":[0.2092526971],"iteration":967,"passed_time":1.649323376,"remaining_time":0.05452308679},
{"learn":[0.2091334116],"iteration":968,"passed_time":1.650639499,"remaining_time":0.05280683641},
{"learn":[0.2088811381],"iteration":969,"passed_time":1.651941061,"remaining_time":0.05109096066},
{"learn":[0.2087551276],"iteration":970,"passed_time":1.653275149,"remaining_time":0.0493769097},
{"learn":[0.2085469478],"iteration":971,"passed_time":1.65459017,"remaining_time":0.04766309132},
{"learn":[0.2084237102],"iteration":972,"passed_time":1.655926318,"remaining_time":0.04595067891},
{"learn":[0.2082898477],"iteration":973,"passed_time":1.657219161,"remaining_time":0.04423788314},
{"learn":[0.2081046473],"iteration":974,"passed_time":1.658544815,"remaining_time":0.04252679014},
{"learn":[0.2079002403],"iteration":975,"passed_time":1.659901939,"remaining_time":0.04081726079},
{"learn":[0.2076465652],"iteration":976,"passed_time":1.66126709,"remaining_time":0.03910864182},
{"learn":[0.2074603718],"iteration":977,"passed_time":1.662656048,"remaining_time":0.03740126079},
{"learn":[0.2072722632],"iteration":978,"passed_time":1.663945002,"remaining_time":0.03569238513},
{"learn":[0.2070983603],"iteration":979,"passed_time":1.665295822,"remaining_time":0.03398562902},
{"learn":[0.20691642],"iteration":980,"passed_time":1.666594332,"remaining_time":0.03227858543},
{"learn":[0.2068309839],"iteration":981,"passed_time":1.668208817,"remaining_time":0.03057816569},
{"learn":[0.206691504],"iteration":982,"passed_time":1.669741223,"remaining_time":0.02887650131},
{"learn":[0.2066556336],"iteration":983,"passed_time":1.671260405,"remaining_time":0.02717496593},
{"learn":[0.2065368323],"iteration":984,"passed_time":1.672626788,"remaining_time":0.02547147393},
{"learn":[0.2063383529],"iteration":985,"passed_time":1.673960681,"remaining_time":0.02376820439},
{"learn":[0.2062345706],"iteration":986,"passed_time":1.675438435,"remaining_time":0.02206757817},
{"learn":[0.2061102491],"iteration":987,"passed_time":1.676877427,"remaining_time":0.02036693231},
{"learn":[0.206006795],"iteration":988,"passed_time":1.678258162,"remaining_time":0.01866616762},
{"learn":[0.2058795352],"iteration":989,"passed_time":1.679859503,"remaining_time":0.01696827781},
{"learn":[0.2057280284],"iteration":990,"passed_time":1.681382759,"remaining_time":0.01526987369},
{"learn":[0.2056556052],"iteration":991,"passed_time":1.682833396,"remaining_time":0.01357123707},
{"learn":[0.2054972402],"iteration":992,"passed_time":1.684194919,"remaining_time":0.01187247174},
{"learn":[0.2054078793],"iteration":993,"passed_time":1.685498992,"remaining_time":0.01017403818},
{"learn":[0.2052742862],"iteration":994,"passed_time":1.68680792,"remaining_time":0.00847642171},
{"learn":[0.2051907403],"iteration":995,"passed_time":1.688171162,"remaining_time":0.006779803862},
{"learn":[0.2050588783],"iteration":996,"passed_time":1.689490212,"remaining_time":0.005083721801},
{"learn":[0.204839786],"iteration":997,"passed_time":1.690988566,"remaining_time":0.003388754641},
{"learn":[0.2047525542],"iteration":998,"passed_time":1.692341876,"remaining_time":0.001694035912},
{"learn":[0.2046447794],"iteration":999,"passed_time":1.693646685,"remaining_time":0}
]}